Handle,Title,Option1 Name,Option1 Value,Variant SKU,Variant Price,Image Src,Image Command
silla-iso-revolution-polipropileno,Silla Iso Revolution Polipropileno,Title,Default Title,VC15,66000.0,https://vicca.cl/media/catalog/product/s/i/silla_iso_revolution_polipropileno_plastica_casino_visita_1_vicca.jpg,MERGE
silla-shell,Silla Shell,Title,Default Title,VC16,70000.0,https://vicca.cl/media/catalog/product/s/i/silla-shell-plastica-polipropileno-casino-restaurant-1-vicca.jpg,MERGE
silla-shell-trineo,Silla Shell Trineo,Title,Default Title,VC17,111000.0,https://vicca.cl/media/catalog/product/s/i/silla-shell-trineo-polipropileno-plastica-casino-restaurant-visita-1-vicca.jpg,MERGE
silla-strike,Silla Strike,Title,Default Title,VC18,71000.0,https://vicca.cl/media/catalog/product/s/i/silla-strike-polipropileno-plastica-casino-visita-restaurant-1-vicca.jpg,MERGE
butaca-hermes-organic,POLTRONA HERMES ORGANIC,Title,Default Title,VC22,105750.0,https://vicca.cl/media/catalog/product/b/u/butaca_hermes_organic_gris_2_disen_o_hogar_vicca_2.jpg,MERGE
mesa-eames,MESA EAMES,Title,Default Title,VC25,71200.0,https://vicca.cl/media/catalog/product/m/e/mesa_ayax_blanca_1_disen_o_hogar_vicca.jpg,MERGE
mesa-eileen-p-blanco,MESA EILEEN (P) BLANCO,Title,Default Title,VC29,108750.0,https://vicca.cl/media/catalog/product/m/e/mesa_eileen_p_blanco_2_disen_o_hogar_vicca_2.jpg,MERGE
mesa-elina-blanco,MESA ELINA BLANCO,Title,Default Title,VC30,223500.0,https://vicca.cl/media/catalog/product/m/e/mesa_elina_blanco_1_disen_o_hogar_vicca_2.jpg,MERGE
silla-dsw-estilo-eames-blanca,SILLA DSW EAMES BLANCA,Title,Default Title,VC37,36500.0,https://vicca.cl/media/catalog/product/s/i/silla_dsw_estilo_eames_blanca_1_disen_o_hogar_vicca_3.jpg,MERGE
silla-dsw-estilo-eames-celeste,SILLA DSW EAMES CELESTE,Title,Default Title,VC38,36500.0,https://vicca.cl/media/catalog/product/s/i/silla_dsw_estilo_eames_celeste_1_disen_o_hogar_vicca_2.jpg,MERGE
silla-dsw-estilo-eames-negra,SILLA DSW EAMES NEGRA,Title,Default Title,VC44,36500.0,https://vicca.cl/media/catalog/product/s/i/silla_dsw_estilo_eames_negra_1_disen_o_hogar_vicca_4.jpg,MERGE
silla-dsw-estilo-eames-patchwork-multicolor,SILLA EAMES PATCHWORK MULTICOLOR,Title,Default Title,VC45,99500.0,https://vicca.cl/media/catalog/product/s/i/silla_dsw_estilo_eames_patchwork_multicolor_1_tapizada_disen_o_hogar_vicca_2.jpg,MERGE
silla-dsw-estilo-eames-roja,SILLA DSW EAMES ROJA,Title,Default Title,VC46,36500.0,https://vicca.cl/media/catalog/product/s/i/silla_dsw_estilo_eames_roja_1_disen_o_hogar_vicca_2.jpg,MERGE
silla-dsw-estilo-eames-rosada,SILLA DSW EAMES ROSADA,Title,Default Title,VC47,36500.0,https://vicca.cl/media/catalog/product/s/i/silla_dsw_estilo_eames_rosada_1_disen_o_hogar_vicca_2.jpg,MERGE
silla-dsw-estilo-organic-beige,SILLA FEDRA ORGANIC BEIGE ESTILO DSW,Title,Default Title,VC49,138700.0,https://vicca.cl/media/catalog/product/s/i/silla_estilo_organic_beige_2_tapizada_disen_o_hogar_vicca_2.jpg,MERGE
silla-dsw-patchwork-multicolor,SILLA DSW PATCHWORK MULTICOLOR,Title,Default Title,VC50,66300.0,https://vicca.cl/media/catalog/product/s/i/silla_dsw_multicolor_1_disen_o_hogar_vicca.jpg,MERGE
silla-patchwork-organic-multicolor,SILLA FEDRA PATCHWORK ORGANIC MULTICOLOR,Title,Default Title,VC66,152000.0,https://vicca.cl/media/catalog/product/s/i/silla_sitial_patchwork_multicolor_1_tapizada_disen_o_hogar_vicca_2.jpg,MERGE
silla-selena-tapiz-organic,SILLA SELENA TAPIZ ORGANIC,Title,Default Title,VC80,98000.0,https://vicca.cl/media/catalog/product/s/i/silla_selena_polipropileno_dise_o_hogar_blanca_1_vicca_1.jpg,MERGE
silla-tree-blanca,SILLA TREE BLANCA,Title,Default Title,VC82,59900.0,https://vicca.cl/media/catalog/product/s/i/silla_tree_arbol_blanca_1_disen_o_hogar_vicca_2.jpg,MERGE
taburete-shell,TABURETE SHELL,Title,Default Title,VC90,122000.0,https://vicca.cl/media/catalog/product/t/a/taburete_shell_casino_bar_restaurant_plastica_1_vicca_1.jpg,MERGE
banqueta-dream-polipropileno,Banqueta Dream Polipropileno,Title,Default Title,VC04,320000.0,https://vicca.cl/media/catalog/product/d/r/dream_polipropileno_negra.jpg,MERGE
banqueta-dream-respaldo-malla,Banqueta Dream Respaldo Malla,Title,Default Title,VC05,377000.0,https://vicca.cl/media/catalog/product/w/h/whatsapp_image_2024-06-03_at_11.42.09_am.jpeg,MERGE
banqueta-dream-tapizada-completa,Banqueta Dream Tapizada Completa,Title,Default Title,VC06,348000.0,https://vicca.cl/media/catalog/product/w/h/whatsapp_image_2024-06-03_at_12.06.51_pm.jpeg,MERGE
banqueta-iso-revolution-polipropileno,Banqueta Iso Revolution Polipropileno,Title,Default Title,VC07,288000.0,https://vicca.cl/media/catalog/product/b/a/banqueta_iso_revolution_plastica_polipropileno_1_vicca.jpg,MERGE
banqueta-iso-revolution-respaldo-polipropileno-asiento-tapizado,Banqueta Iso Revolution Respaldo Polipropileno Asiento Tap,Title,Default Title,VC09,315000.0,https://vicca.cl/media/catalog/product/b/a/banqueta_iso_revolution_asiento_tapizado_respaldo_plastico_1_vicca.jpg,MERGE
banqueta-iso-revolution-tapizada,Banqueta Iso Revolution Tapizada,Title,Default Title,VC10,311000.0,https://vicca.cl/media/catalog/product/b/a/banqueta_iso_revolution_tapizada_2_vicca.jpg,MERGE
banqueta-iso-smart-plastica-italiana,"Banqueta Spring Plástica, Pata Recta ",Title,Default Title,VC11,135000.0,https://vicca.cl/media/catalog/product/b/a/banqueta_iso_smart_de_espera_italiana_plastica_polipropileno_2_vicca.jpg,MERGE
banqueta-isonet,Banqueta Isonet,Title,Default Title,VC98,188000.0,https://vicca.cl/media/catalog/product/i/s/iso2.jpg,MERGE
banqueta-kyos-tapizada-completa,Banqueta Kyos Tapizada Completa,Title,Default Title,VC99,353000.0,https://vicca.cl/media/catalog/product/b/a/banqueta_kyos_respaldo_asiento_tapizado_2_vicca.jpg,MERGE
banqueta-kyos-asiento-tapizada,Banqueta Kyos Asiento Tapizada,Title,Default Title,VC100,360000.0,https://vicca.cl/media/catalog/product/b/a/banqueta_espera_kyos_asiento_tapizado_y_respaldo_plastico_1_vicca.jpg,MERGE
banqueta-kyos-polipropileno,Banqueta Kyos Polipropileno,Title,Default Title,VC101,333000.0,https://vicca.cl/media/catalog/product/b/a/banqueta_de_espera_kyos_plastico_polipropileno_1_vicca.jpg,MERGE
banqueta-layer,Banqueta Layer,Title,Default Title,VC102,159000.0,https://vicca.cl/media/catalog/product/l/a/layer2.jpg,MERGE
banqueta-shell-pla-stica,Banqueta Shell Plástica,Title,Default Title,VC106,244000.0,https://vicca.cl/media/catalog/product/b/a/banqueta_espera_shell_plastica_polipropileno_1_vicca.jpg,MERGE
banqueta-shell-tapizada,Banqueta Shell Mixta,Title,Default Title,VC107,298000.0,https://vicca.cl/media/catalog/product/b/a/banqueta_espera_shell_asiento_tapizado_respaldo_plastico_1_vicca.jpg,MERGE
butaca-florencia,Butaca Florencia,Title,Default Title,VC108,422000.0,https://vicca.cl/media/catalog/product/b/u/butaca_florencia_tapizada_1_vicca.jpg,MERGE
silla-bologna-cajero,Silla Bologna Cajero,Title,Default Title,VC109,112000.0,https://vicca.cl/media/catalog/product/s/i/silla_bologna_cajero_2_vicca.jpg,MERGE
silla-iso-cajero,Silla Iso Cajero,Title,Default Title,VC112,88800.0,https://vicca.cl/media/catalog/product/n/o/nova2.jpg,MERGE
silla-prisma-cajero,Silla Prisma Cajero,Title,Default Title,VC113,144000.0,https://vicca.cl/media/catalog/product/p/r/prisma2_1.jpg,MERGE
silla-rudy-media-cajero,Silla Rudy Media Cajero,Title,Default Title,VC114,93000.0,https://vicca.cl/media/catalog/product/r/u/rudy2.jpg,MERGE
silla-torino-1-cajero,Silla Torino 1 Cajero,Title,Default Title,VC116,112000.0,https://vicca.cl/media/catalog/product/t/o/to2.jpg,MERGE
silla-torino-cajero-media,Silla Torino Cajero Media,Title,Default Title,VC119,122000.0,https://vicca.cl/media/catalog/product/c/a/ca2.jpg,MERGE
silla-tulip-cajero,Silla Tulip Cajero,Title,Default Title,VC120,130000.0,https://vicca.cl/media/catalog/product/s/i/silla_tulip_cajero_2_vicca_1.jpg,MERGE
silla-universitaria-dream-respaldo-malla,Silla Universitaria Dream Respaldo Malla,Title,Default Title,VC117,185000.0,https://vicca.cl/media/catalog/product/s/i/silla_universitaria_dream_respaldo_malla_asiento_tapizado_1_vicca_2.jpg,MERGE
silla-universitaria-iso-revolution,Silla Iso Revolution Universitaria,Title,Default Title,VC121,155000.0,https://vicca.cl/media/catalog/product/s/i/silla_universitaria_iso_revolution_disen_o_1_vicca_2.jpg,MERGE
silla-universitaria-spring-plastica-paleta-nacional,Silla Universitaria Spring Plastica Paleta Nacional,Title,Default Title,VC118,65000.0,https://vicca.cl/media/catalog/product/s/i/silla_universitaria_iso_smart_plastica_paleta_nacional_1_vicca.jpg,MERGE
silla-universitaria-kyos,Silla Universitaria Kyos tapizada,Title,Default Title,VC111,139530.0,https://vicca.cl/media/catalog/product/s/i/silla_universitaria_kyos_tapizada_2_vicca.jpg,MERGE
silla-universitaria-layer,Silla Universitaria Layer,Title,Default Title,VC19,77000.0,https://vicca.cl/media/catalog/product/l/a/layer2_2.jpg,MERGE
silla-universitaria-prisma,Silla Universitaria Prisma,Title,Default Title,VC20,77000.0,https://vicca.cl/media/catalog/product/0/9/092_prisma-universitaria_02-300x300_1.jpg,MERGE
silla-universitaria-shell,Silla Universitaria Shell,Title,Default Title,VC21,133000.0,https://vicca.cl/media/catalog/product/s/i/silla_universitaria_shell_plastica_paleta_antipanico_1_vicca.jpg,MERGE
bergere-clinico,Bergere Clinico,Title,Default Title,VC126,499000.0,https://vicca.cl/media/catalog/product/b/e/bergere_sillon_clinico_descanso_reposo_pacientes_2_vicca.jpg,MERGE
bergere-elite,Bergere Elite,Title,Default Title,VC127,595000.0,https://vicca.cl/media/catalog/product/b/e/bergere_elite_sillon_sofa_descanso_1_vicca.jpg,MERGE
bergere-simple,Bergere Simple,Title,Default Title,VC128,499000.0,https://vicca.cl/media/catalog/product/b/e/bergere_simple_sillon_sofa_descanso_reposo_2_vicca.jpg,MERGE
poltrona-monet,Poltrona Monet,Title,Default Title,VC132,352400.0,https://vicca.cl/media/catalog/product/m/o/monet4_1_1_1.jpg,MERGE
pouf-cuadrado-redondo,Pouf Cuadrado - Redondo,Title,Default Title,VC135,126000.0,https://vicca.cl/media/catalog/product/p/o/pouf_redondos_descanso_2_vicca.jpg,MERGE
sofa-di-loria,Sofá Di Loria,Title,Default Title,VC136,384000.0,https://vicca.cl/media/catalog/product/d/i/di1.jpg,MERGE
sofa-duccio,Sofá Duccio,Title,Default Title,VC137,606600.0,https://vicca.cl/media/catalog/product/d/u/duccio6.jpg,MERGE
sofa-prada,Sofá Prada,Title,Default Title,VC139,369000.0,https://vicca.cl/media/catalog/product/p/r/prada.jpg,MERGE
sofa-venezia,Sofá Venezia,Title,Default Title,VC140,285000.0,https://vicca.cl/media/catalog/product/s/o/sofa_venezia_1_cuerpo_tapizado_descanso_vicca.jpg,MERGE
silla-iso-smart-italiana-polipropileno,Silla Iso Smart Italiana Polipropileno,Title,Default Title,VC143,43000.0,https://vicca.cl/media/catalog/product/s/i/silla_iso_smart_visita_casino_cafeteria_1_vicca.jpg,MERGE
silla-kyos-polipropileno,Silla Kyos Polipropileno,Title,Default Title,VC144,88800.0,https://vicca.cl/media/catalog/product/k/y/kyos_pp_gris-min.jpg,MERGE
silla-layer,Silla Layer ,Title,Default Title,VC145,45000.0,https://vicca.cl/media/catalog/product/l/a/la4.jpg,MERGE
silla-nova-iso-italiana,Silla Novaiso Italiana Colores,Title,Default Title,VC146,38300.0,https://vicca.cl/media/catalog/product/c/a/captura_de_pantalla_2024-11-12_a_la_s_15.16.48.png,MERGE
silla-pismo,Silla Pismo,Title,Default Title,VC148,66000.0,https://vicca.cl/media/catalog/product/p/i/pismo1.jpg,MERGE
silla-race,Silla Race,Title,Default Title,VC253,60000.0,https://vicca.cl/media/catalog/product/r/a/race1.jpg,MERGE
silla-ricciolina,Silla Ricciolina,Title,Default Title,VC151,88800.0,https://vicca.cl/media/catalog/product/s/i/silla_ricciolina_polipropileno_casino_restaurant_bar_cafeteria_5_vicca.jpg,MERGE
silla-stratos,Silla Stratos,Title,Default Title,VC154,88000.0,https://vicca.cl/media/catalog/product/s/i/silla_stratos_restautante_casino_bar_cafeteria_1_vicca.jpg,MERGE
silla-vesper-sin-brazos,Silla Vesper sin brazos,Title,Default Title,VC156,108000.0,https://vicca.cl/media/catalog/product/s/i/silla_vesper_sin_brazos_plastica_restaurante_casino_cafeteria_bar_2_vicca.jpg,MERGE
silla-leep-loop,Silla Leep,Title,Default Title,VC158,190000.0,https://vicca.cl/media/catalog/product/l/e/leep2.jpg,MERGE
silla-black,Silla Black,Title,Default Title,VC160,160000.0,https://vicca.cl/media/catalog/product/b/1/b1.jpg,MERGE
silla-boss,Silla Boss,Title,Default Title,VC161,188000.0,https://vicca.cl/media/catalog/product/s/i/silla_boss_ejecutiva_vicca.jpg,MERGE
silla-flash-tapizada-syncro,Silla Flash Alta Tapizada Syncro,Title,Default Title,VC166,185000.0,https://vicca.cl/media/catalog/product/s/i/silla_flash_synro_tapizada_1_vicca.jpg,MERGE
silla-identity-isa,Silla Identity,Title,Default Title,VC168,156000.0,https://vicca.cl/media/catalog/product/i/d/ide5.jpg,MERGE
silla-join-blanca,Silla Join Blanca,Title,Default Title,VC172,266000.0,https://vicca.cl/media/catalog/product/j/o/joi4.jpg,MERGE
silla-join-negra,Silla Join Negra,Title,Default Title,VC173,211000.0,https://vicca.cl/media/catalog/product/j/o/jo2.jpg,MERGE
silla-q3,Silla Q3 colores,Title,Default Title,VC178,140000.0,https://vicca.cl/media/catalog/product/q/3/q3.jpg,MERGE
silla-y10-alta,Silla Y10 Alta,Title,Default Title,VC184,144000.0,https://vicca.cl/media/catalog/product/c/a/captura_de_pantalla_2021-11-09_a_la_s_17.16.24_1.png,MERGE
silla-y10-media,Silla Y10 Media,Title,Default Title,VC185,119000.0,https://vicca.cl/media/catalog/product/u/3/u3.jpg,MERGE
silla-alex-alta-pivotal,Silla Alex Alta Pivotal,Title,Default Title,VC187,85000.0,https://vicca.cl/media/catalog/product/a/4/a4.jpg,MERGE
silla-alex-media-pivotal,Silla Alex Media Pivotal,Title,Default Title,VC188,85000.0,https://vicca.cl/media/catalog/product/m/4/m4.jpg,MERGE
silla-aviator-alta-pivotal,Silla Aviator Alta Pivotal,Title,Default Title,VC189,101000.0,https://vicca.cl/media/catalog/product/a/v/av3.jpg,MERGE
silla-aviator-media-pivotal,Silla Aviator Media Pivotal,Title,Default Title,VC190,101000.0,https://vicca.cl/media/catalog/product/p/i/pi3.jpg,MERGE
silla-bologna-pivotal,Silla Bologna Pivotal,Title,Default Title,VC195,88000.0,https://vicca.cl/media/catalog/product/p/i/pi2_2.jpg,MERGE
silla-cozy-alta-pivotal,Silla Cozy Alta Pivotal,Title,Default Title,VC197,133000.0,https://vicca.cl/media/catalog/product/s/i/silla_cozy_operativa_tapizada_alta_pivotal_1_vicca.jpg,MERGE
silla-drop-alta-pivotal,Silla Drop Alta Pivotal,Title,Default Title,VC199,133000.0,https://vicca.cl/media/catalog/product/s/i/silla_drop_alta_operativa_tapizada_pivotal_1_vicca.jpg,MERGE
silla-duomo,Silla Duomo,Title,Default Title,VC201,162990.0,https://vicca.cl/media/catalog/product/s/i/silla_duomo_1_vicca.jpg,MERGE
silla-flash-alta-pivotal,Silla Flash Alta Pivotal,Title,Default Title,VC203,125000.0,https://vicca.cl/media/catalog/product/s/i/silla_flash_alta_operativa_tapizada_pivotal_1_vicca.jpg,MERGE
silla-genova-reclinable,Silla Genova Reclinable,Title,Default Title,VC206,79000.0,https://vicca.cl/media/catalog/product/r/e/re2.jpg,MERGE
silla-lady,Silla Lady Negra,Title,Default Title,VC209,103300.0,https://vicca.cl/media/catalog/product/l/a/la5.jpg,MERGE
silla-lady-blanca-reclinable,Silla Lady Gris,Title,Default Title,VC210,126000.0,https://vicca.cl/media/catalog/product/b/4/b4_2.jpg,MERGE
silla-logic,Silla Logic,Title,Default Title,VC212,86072.0,https://vicca.cl/media/catalog/product/l/o/lo3.jpg,MERGE
silla-matrix-alta-pivotal,Silla Matrix Alta Pivotal,Title,Default Title,VC214,153300.0,https://vicca.cl/media/catalog/product/s/i/silla_matrix_alta_operativa_tapizada_pivotal_1_vicca.jpg,MERGE
silla-torino-1-alta-pivotal,Silla Torino 1 Alta Pivotal,Title,Default Title,VC222,88000.0,https://vicca.cl/media/catalog/product/5/9/5967492861aff.jpg,MERGE
silla-rudy-alta-pivotal,Silla Rudy Alta Pivotal,Title,Default Title,VC218,75000.0,https://vicca.cl/media/catalog/product/s/i/silla_rudy_alta_operativa_tapizada_pivotal_1_vicca.jpg,MERGE
silla-rudy-media-pivotal,Silla Rudy Media Pivotal,Title,Default Title,VC219,75000.0,https://vicca.cl/media/catalog/product/s/i/silla_rudy_media_operativa_tapizada_pivotal_1_vicca.jpg,MERGE
silla-torino-alta-pivotal,Silla Torino Alta Pivotal,Title,Default Title,VC223,89900.0,https://vicca.cl/media/catalog/product/2/4/247_torino-alta_02-300x300_1.jpg,MERGE
silla-torino-media-pivotal,Silla Torino Media Pivotal,Title,Default Title,VC224,89900.0,https://vicca.cl/media/catalog/product/t/o/to3_2.jpg,MERGE
silla-dream-malla,Silla Dream Malla,Title,Default Title,VC230,137000.0,https://vicca.cl/media/catalog/product/s/i/silla_dream_visita_reunion_capacitacion_respaldo_malla_asiento_tapizado_1_vicca.jpg,MERGE
silla-dream-tapizada,Silla Dream Tapizada,Title,Default Title,VC231,108000.0,https://vicca.cl/media/catalog/product/s/i/silla_dream_tapizada_visita_reunion_capacitacion_1_vicca.jpg,MERGE
silla-dream-tapizada-trineo,Silla Dream Tapizada Trineo,Title,Default Title,VC232,150000.0,https://vicca.cl/media/catalog/product/s/i/silla_dream_visita_reunion_respaldo_y_asiento_tapizado_2_vicca.jpg,MERGE
silla-isonet,Silla Isonet,Title,Default Title,VC240,55500.0,https://vicca.cl/media/catalog/product/i/4/i4.jpg,MERGE
silla-flex,Silla Flex,Title,Default Title,VC235,136250.0,https://vicca.cl/media/catalog/product/f/5/f5_2.jpg,MERGE
silla-iso-revolution-tapizada,Silla Iso Revolution Tapizada,Title,Default Title,VC237,78000.0,https://vicca.cl/media/catalog/product/s/i/silla_iso_revolution_visita_tapizada_completa_1_vicca.jpg,MERGE
silla-iso-smart-completa-tap,Silla Iso Smart Tapizada Italiana ,Title,Default Title,VC239,60600.0,https://vicca.cl/media/catalog/product/s/i/silla_iso_smart_visita_asiento_y_respaldo_tapizado_1_vicca.jpg,MERGE
silla-isosceles,Silla Isosceles Italiana ,Title,Default Title,VC241,52700.0,https://vicca.cl/media/catalog/product/i/s/iso.jpg,MERGE
silla-kyos-asiento-tapizado,Silla Kyos Asiento Tapizado,Title,Default Title,VC242,95000.0,https://vicca.cl/media/catalog/product/k/y/ky3.jpg,MERGE
silla-kyos-tapizada,Silla Kyos Tapizada,Title,Default Title,VC243,101000.0,https://vicca.cl/media/catalog/product/s/i/silla_kyos_visita_respaldo_y_asiento_tapizado_1_vicca.jpg,MERGE
silla-pinko-respaldo-malla,Silla Pinko Respaldo Malla,Title,Default Title,VC246,122000.0,https://vicca.cl/media/catalog/product/t/4/t4_2.jpg,MERGE
silla-prisma,Silla Prisma,Title,Default Title,VC249,55000.0,https://vicca.cl/media/catalog/product/r/3/r3.jpg,MERGE
silla-strong,Silla Strong,Title,Default Title,VC255,52500.0,https://vicca.cl/media/catalog/product/s/s/ss4.jpg,MERGE
silla-urban-4-patas,Silla Urban 4 patas,Title,Default Title,VC259,133000.0,https://vicca.cl/media/catalog/product/p/a/pa4.jpg,MERGE
silla-urban-trineo,Silla Urban Trineo,Title,Default Title,VC260,133000.0,https://vicca.cl/media/catalog/product/u/r/ur4_1.jpg,MERGE
silla-atton-alto,Silla Atton Alto,Title,Default Title,VC263,180000.0,https://vicca.cl/media/catalog/product/s/i/silla_atton_alta_1_vicca.jpg,MERGE
silla-cp,Silla CP,Title,Default Title,VC268,854700.0,https://vicca.cl/media/catalog/product/c/p/cp3.jpg,MERGE
silla-ergohuman-cuero,Silla Ergohuman Elite Cuero,Title,Default Title,VC273,750000.0,https://vicca.cl/media/catalog/product/e/r/ergohuman_cuero_03.jpg,MERGE
silla-ergohuman-malla,Silla Ergohuman Elite Malla,Title,Default Title,VC274,620000.0,https://vicca.cl/media/catalog/product/m/i/mi4_2.jpg,MERGE
silla-ioo-black,Silla Ioo Black,Title,Default Title,VC276,469000.0,https://vicca.cl/media/catalog/product/l/o/lo1_2.jpg,MERGE
silla-master,Silla Master,Title,Default Title,VC281,255000.0,https://vicca.cl/media/catalog/product/m/a/master4.jpg,MERGE
silla-panal,Silla Panal,Title,Default Title,VC283,377000.0,https://vicca.cl/media/catalog/product/p/a/pana4.jpg,MERGE
silla-sabrina-standar,Silla Sabrina Standar,Title,Default Title,VC287,666600.0,https://vicca.cl/media/catalog/product/s/a/sabrina_negra_1.jpg,MERGE
silla-cozy-syncro,Silla Cozy Syncro,Title,Default Title,VC291,204000.0,https://vicca.cl/media/catalog/product/c/o/cozy.jpg,MERGE
silla-drop-syncro,Silla Drop Alta Syncro,Title,Default Title,VC292,174000.0,https://vicca.cl/media/catalog/product/i/m/img_5594.jpg,MERGE
silla-matrix-syncro,Silla Matrix Syncro,Title,Default Title,VC293,196600.0,https://vicca.cl/media/catalog/product/i/m/img_4105.jpg,MERGE
silla-selena-blanca,Silla Selena polipropileno,Title,Default Title,VC296,88000.0,https://vicca.cl/media/catalog/product/s/i/silla_selena_blanca_vicca.jpg,MERGE
silla-atton-medio,Silla Atton Medio,Title,Default Title,VC264,185000.0,https://vicca.cl/media/catalog/product/s/i/silla_atton_media_vicca.jpg,MERGE
silla-line-alta,Silla Line Alto,Title,Default Title,VC298,236000.0,https://vicca.cl/media/catalog/product/a/t/att4_2.jpg,MERGE
silla-bishop-baja-blanca,Silla Bishop Baja Blanca,Title,Default Title,VC299,144000.0,https://vicca.cl/media/catalog/product/s/i/silla_bishop_baja_blanca_5_dise_o_oficina_vicca.jpg,MERGE
silla-bishop-baja-negra,Silla Bishop Baja Negra,Title,Default Title,VC300,144000.0,https://vicca.cl/media/catalog/product/s/i/silla_bishop_baja_negra_5_dise_o_oficina_vicca.jpg,MERGE
silla-bishop-alta-blanca,Silla Bishop Alta Blanca,Title,Default Title,VC301,144000.0,https://vicca.cl/media/catalog/product/s/i/silla_bishop_alta_blanca_5_dise_o_oficina_vicca.jpg,MERGE
silla-bishop-alta-negra,Silla Bishop Alta Negra,Title,Default Title,VC302,144000.0,https://vicca.cl/media/catalog/product/s/i/silla_bishop_alta_negra_5_vicca.jpg,MERGE
silla-bishop-fija-trineo-blanca,Silla Bishop Fija Blanca,Title,Default Title,VC303,96600.0,https://vicca.cl/media/catalog/product/s/i/silla_bishop_fija_blanca_5_dise_o_oficina_vicca.jpg,MERGE
silla-bishop-fija-trineo-negra,Silla Bishop Fija Negra,Title,Default Title,VC304,96600.0,https://vicca.cl/media/catalog/product/s/i/silla_bishop_fija_negra_6_dise_o_oficina_vicca.jpg,MERGE
silla-carson-fija-trineo-negra,Silla Carson Fija Negra,Title,Default Title,VC306,105000.0,https://vicca.cl/media/catalog/product/s/i/silla_carson_fija_negra_trineo_1_vicca.jpg,MERGE
silla-carson-fija-trineo-gris,Silla Carson Fija Gris,Title,Default Title,VC308,105000.0,https://vicca.cl/media/catalog/product/s/i/silla_carson_fija_gris_1_vicca.jpg,MERGE
silla-leandra-fija-trineo,Silla Leandra Fija,Title,Default Title,VC310,143500.0,https://vicca.cl/media/catalog/product/0/2/02834dea5499edad0046136459840845-min.jpg,MERGE
taburete-carson-negra,Taburete Carson Negra,Title,Default Title,VC315,65600.0,https://vicca.cl/media/catalog/product/t/a/taburete_carson_negro_1_dise_o_vicca.jpg,MERGE
taburete-carson-verde,Taburete Carson Verde,Title,Default Title,VC316,65600.0,https://vicca.cl/media/catalog/product/t/a/taburete_carson_verde_1_dise_o_vicca.jpg,MERGE
taburete-carson-golden,Taburete Carson Golden,Title,Default Title,VC317,65600.0,https://vicca.cl/media/catalog/product/t/a/taburete_carson_terra_2_dise_o_vicca-min.jpg,MERGE
silla-carson-alta-negra,Silla Carson Alta Negra,Title,Default Title,VC318,135000.0,https://vicca.cl/media/catalog/product/s/i/silla_carson_alta_negra_1_vicca.jpg,MERGE
silla-carson-alta-gris,Silla Carson Alta Gris,Title,Default Title,VC319,136000.0,https://vicca.cl/media/catalog/product/s/i/silla_carson_alta_gris_1_vicca.jpg,MERGE
silla-carson-baja-negra,Silla Carson Baja Negra,Title,Default Title,VC322,128000.0,https://vicca.cl/media/catalog/product/s/i/silla_carson_baja_negra_1_vicca.jpg,MERGE
silla-carson-baja-gris,Silla Carson Baja Gris,Title,Default Title,VC323,128000.0,https://vicca.cl/media/catalog/product/s/i/silla_carson_baja_gris_1_vicca.jpg,MERGE
silla-carson-baja-golden,Silla Carson Baja Golden,Title,Default Title,VC324,128000.0,https://vicca.cl/media/catalog/product/s/i/silla_carson_baja_golden_1_vicca.jpg,MERGE
silla-bishop-baja-cafe,Silla Bishop Baja Cafe,Title,Default Title,VC326,144000.0,https://vicca.cl/media/catalog/product/s/i/silla_bishop_baja_cafe_1_vicca_2.jpg,MERGE
silla-bishop-baja-gris,Silla Bishop Baja Gris,Title,Default Title,VC327,144000.0,https://vicca.cl/media/catalog/product/s/i/silla_bishop_baja_gris_vicca.jpg,MERGE
silla-dsw-estilo-eames-kids-amarilla,Silla Dsw Eames Kids Amarilla,Title,Default Title,VC332,22000.0,https://vicca.cl/media/catalog/product/s/i/silla_dsw_eams_kids_amarilla_1_vicca.jpg,MERGE
silla-bishop-alta-cafe,Silla Bishop Alta Cafe,Title,Default Title,VC337,144000.0,https://vicca.cl/media/catalog/product/s/i/silla_bishop_alta_cafe_1_vicca.jpg,MERGE
taburete-dsw-eames-blanco,Taburete Dsw Eames Blanco,Title,Default Title,VC342,127500.0,https://vicca.cl/media/catalog/product/t/a/taburete_dsw_blanca_1_dise_o_vicca_2.jpg,MERGE
taburete-nest-blanco,Taburete Nest Blanco,Title,Default Title,VC346,99000.0,https://vicca.cl/media/catalog/product/t/a/taburete_nest_blanco_1_dise_o_vicca_2.jpg,MERGE
silla-priamo-alta-negra,Silla Priamo Alta Negra,Title,Default Title,VC348,179900.0,https://vicca.cl/media/catalog/product/s/i/silla_priamo_alta_negra_5_dise_o_oficina_vicca_1.jpg,MERGE
silla-priamo-baja-negra,Silla Priamo Baja Negra,Title,Default Title,VC349,172000.0,https://vicca.cl/media/catalog/product/s/i/silla_priamo_baja_negra_1_dise_o_oficina_vicca.jpg,MERGE
silla-priamo-alta-cafe,Silla Priamo Alta Cafe,Title,Default Title,VC351,179900.0,https://vicca.cl/media/catalog/product/s/i/silla_priamo_cafe_alta_2_vicca.jpg,MERGE
silla-priamo-fija-trineo-negra,Silla Priamo Fija Negra,Title,Default Title,VC354,125000.0,https://vicca.cl/media/catalog/product/s/i/silla_priamo_fija_trineo_negra_1_vicca.jpg,MERGE
silla-big-boss,Silla Big Boss,Title,Default Title,VC359,150000.0,https://vicca.cl/media/catalog/product/i/m/imagen_01.jpg,MERGE
silla-universitaria-uni,Silla Universitaria Uni,Title,Default Title,VC363,79617.0,https://vicca.cl/media/catalog/product/s/i/silla_universitaria_uni_1_vicca.jpg,MERGE
silla-cuba,Silla Cuba Negra Br fijo,Title,Default Title,VC365,81000.0,https://vicca.cl/media/catalog/product/c/u/cuba.jpg,MERGE
silla-aria,Silla Aria,Title,Default Title,VC366,104000.0,https://vicca.cl/media/catalog/product/s/i/silla_aria_para_oficina_1_vicca.jpg,MERGE
taburete-race-colores,Taburete Race,Title,Default Title,VC367,122000.0,https://vicca.cl/media/catalog/product/t/a/taburete_race_oficina_hogar_2_vicca.jpg,MERGE
silla-mirror,Silla Mirror,Title,Default Title,VC372,89990.0,https://vicca.cl/media/catalog/product/s/i/silla_mirror_visita_vicca.jpg,MERGE
silla-alia-tapizada-alta,Silla Alia  ALta Tapizada ,Title,Default Title,VC374,1270000.0,https://vicca.cl/media/catalog/product/s/i/silla_alia_gerencial_directoria_vicca_3.jpg,MERGE
silla-alia-alta,Silla Alia Alta Malla ,Title,Default Title,VC375,1199000.0,https://vicca.cl/media/catalog/product/s/i/silla_alia_alta_malla_gerencial_2.jpg,MERGE
silla-q3-gris,Silla Q3 Gris,Title,Default Title,VC376,199000.0,https://vicca.cl/media/catalog/product/s/i/silla_q3_gris_vicca.jpg,MERGE
silla-big-boss-blanca,Silla Big Boss Blanca,Title,Default Title,VC378,199000.0,https://vicca.cl/media/catalog/product/s/i/silla_big_boss_blanca_estructura_vicca_1.jpg,MERGE
taburete-bakhita,Taburete Bakhita,Title,Default Title,VC382,166000.0,https://vicca.cl/media/catalog/product/b/a/bakhita_taburete_gris_oscuro_1.jpg,MERGE
banqueta-kyos-respaldo-malla,Banqueta Kyos Respaldo Malla,Title,Default Title,VC384,390000.0,https://vicca.cl/media/catalog/product/b/a/banqueta_kyos_vicca.jpg,MERGE
silla-universitaria-iso-revolution-malla,Silla Iso Revolution Universitaria Malla,Title,Default Title,VC386,177000.0,https://vicca.cl/media/catalog/product/s/i/silla_iso_revolution_universitaria_vicca_2.jpg,MERGE
silla-universitaria-kyos-malla,Silla Universitaria Kyos Malla,Title,Default Title,VC387,174000.0,https://vicca.cl/media/catalog/product/s/i/silla_kyos_universitaria_malla_vicca_2.jpg,MERGE
silla-universitaria-kyos-respaldo-plastico-asiento-tapizado,Silla Universitaria Kyos Respaldo Plastico,Title,Default Title,VC388,144000.0,https://vicca.cl/media/catalog/product/s/i/silla_kyos_unv._02.jpg,MERGE
silla-sophie-beige-hogar-diseno,Silla Sophie Beige,Title,Default Title,VC389,64000.0,https://vicca.cl/media/catalog/product/s/i/silla_sophie_beige_vicca_1_2.jpg,MERGE
banqueta-cosmos-pata-luna-cromada,Banqueta Cosmos Pata Luna Cromada,Title,Default Title,VC391,161000.0,https://vicca.cl/media/catalog/product/b/a/banqueta_cosmos_pata_luna_cromada_vicca_1.jpg,MERGE
banqueta-cosmos-pata-recta,Banqueta Cosmos Pata Splitz,Title,Default Title,VC392,128000.0,https://vicca.cl/media/catalog/product/b/a/banqueta_cosmos_pata_recta_vicca.jpg,MERGE
banqueta-spring-tapizada-pata-recta-negra,"Banqueta Spring Tapizada, Pata Recta",Title,Default Title,VC395,160000.0,https://vicca.cl/media/catalog/product/b/a/banqueta_iso_smart_pata_recta.jpg,MERGE
banqueta-iso-plastica,Banqueta Iso Plastica,Title,Default Title,VC396,120000.0,https://vicca.cl/media/catalog/product/b/a/banqueta_iso_plastica_vicca.jpg,MERGE
silla-universitaria-novaiso,Silla Universitaria Iso,Title,Default Title,VC397,66000.0,https://vicca.cl/media/catalog/product/s/i/silla_novaiso_universitaria_italiana_vicca.jpg,MERGE
silla-universitaria-iso-smart-italiana-mixta,Silla Universitaria Spring Mixta,Title,Default Title,VC399,82770.0,https://vicca.cl/media/catalog/product/c/a/captura_de_pantalla_2025-03-21_a_la_s_11.23.41.png,MERGE
silla-universitaria-isosceles-tapizada,Silla Universitaria Isosceles ,Title,Default Title,VC400,85000.0,https://vicca.cl/media/catalog/product/s/i/silla_isosceles_uniersitaria_paleta_nacional_i.jpg,MERGE
banqueta-alice-polipropileno-plastico-pata-luna-cromada,Banqueta Alice Polipropileno Pata Luna Cromada,Title,Default Title,VC403,180000.0,https://vicca.cl/media/catalog/product/b/a/banqueta_alice_pata_luna_vicca_2.jpg,MERGE
banqueta-alice-polipropileno-plastico-pata-splitz,Banqueta Alice Polipropileno ,Title,Default Title,VC404,144000.0,https://vicca.cl/media/catalog/product/b/a/banqueta_alice_pata_recta_vicca_1_3.jpg,MERGE
banqueta-alice-mixta-pata-splitz,Banqueta Alice Mixta,Title,Default Title,VC405,185000.0,https://vicca.cl/media/catalog/product/b/a/banqueta_alice_mixta_pata_recta_splitz_vicca_3_2.jpg,MERGE
banqueta-alice-tapizada,Banqueta Alice Tapizada,Title,Default Title,VC406,212000.0,https://vicca.cl/media/catalog/product/a/l/alice_pata_luna_3_cuerpos_tapizada_i.jpg,MERGE
silla-tossy,Silla Tossy,Title,Default Title,VC414,128000.0,https://vicca.cl/media/catalog/product/s/i/silla_tossy_oficina_vicca_1.jpg,MERGE
silla-shell-tapizada-completa,Silla Shell Tapizada,Title,Default Title,VC415,115000.0,https://vicca.cl/media/catalog/product/s/i/silla_shell_tapizada_visita_vicca_1.jpg,MERGE
silla-shell-asiento-tapizado,Silla Shell Asiento Tapizado,Title,Default Title,VC416,101000.0,https://vicca.cl/media/catalog/product/s/i/silla_shell_respaldo_plastico_y_asiento_tapizado_visita_vicca_3_1.jpg,MERGE
silla-delta-malla-trineo,Silla Delta Malla Trineo,Title,Default Title,VC417,166000.0,https://vicca.cl/media/catalog/product/s/i/silla_alpha_respaldo_malla_base_trineo_cromada_vicca.jpg,MERGE
silla-delta-polipropilenp-plastico,Silla Delta Polipropileno,Title,Default Title,VC418,120000.0,https://vicca.cl/media/catalog/product/s/i/silla_alpha_respaldo_y_asiento_polipropileno_patas_cromadas_vicca.jpg,MERGE
silla-delta-asiento-tapizado-respaldo-polipropileno,Silla Delta Asiento Tapizado,Title,Default Title,VC419,130000.0,https://vicca.cl/media/catalog/product/s/i/silla_alpha_asiento_tapizado_respaldo_polipropileno_patas_cromadas_vicca.jpg,MERGE
silla-yes-negra,Silla YES Negra,Title,Default Title,VC420,77000.0,https://vicca.cl/media/catalog/product/s/i/silla_yes_4_patas_cromadas_o_negras_vicca_1.jpg,MERGE
silla-cob-okamura,Silla Cob,Title,Default Title,VC423,240336.0,https://vicca.cl/media/catalog/product/c/o/cob_2.jpg,MERGE
poltrona-fire,Poltrona Fire,Title,Default Title,VC424,448500.0,https://vicca.cl/media/catalog/product/p/o/poltrona_danae_italiano_base_aluminio_tapiz_a_eleccion_vicca_1.jpg,MERGE
poltrona-frida-gris-perla,Poltrona Frida Gris Perla,Title,Default Title,VC425,136000.0,https://vicca.cl/media/catalog/product/p/o/poltrona_frida_hogar_sala_de_estar_vicca_1.jpg,MERGE
silla-logan-tapizada,Silla Logan Tapizada,Title,Default Title,VC427,114000.0,https://vicca.cl/media/catalog/product/s/i/silla_logan_visita_tapizada.jpg,MERGE
silla-logan-asiento-tapizado-respaldo-malla,Silla Logan Respaldo Malla Asiento Tapizado ,Title,Default Title,VC428,108000.0,https://vicca.cl/media/catalog/product/s/i/silla_logan_visita_asiento_tapizado_respaldo_malla_vicca_1.jpg,MERGE
silla-logan-respaldo-polipropileno-asiento-tapizado,Silla Logan Respaldo Polipropileno Asiento Tapizado,Title,Default Title,VC429,99000.0,https://vicca.cl/media/catalog/product/s/i/silla_logan_visita_respaldo_polipropileno_asiento_tapizado_vicca_1.jpg,MERGE
silla-logan-polipropileno,Silla Logan Polipropileno,Title,Default Title,VC430,90000.0,https://vicca.cl/media/catalog/product/s/i/silla_logan_visita_polipropileno_vicca_1.jpg,MERGE
escritorio-mapi-smart-electrico-ajustable-altura,Escritorio Mapi Smart Eléctrico,Title,Default Title,VC431,700000.0,https://vicca.cl/media/catalog/product/e/s/escritorio_mapi_smart_electrico_regulable_altura_vicca_1.jpg,MERGE
poltrona-cardin-alto,Poltrona Cardin Alto,Title,Default Title,VC432,850000.0,https://vicca.cl/media/catalog/product/p/o/poltrona_cardin_italiano_vicca3_1.jpg,MERGE
poltrona-cardin-medio,Poltrona Cardin Medio,Title,Default Title,VC433,699000.0,https://vicca.cl/media/catalog/product/p/o/poltrona_cardin_medio_italiano_vicca_1.jpg,MERGE
poltrona-carmena,Poltrona Carmena,Title,Default Title,VC434,600550.0,https://vicca.cl/media/catalog/product/p/o/poltrona_carmena_vicca_1_2_.jpg,MERGE
silla-flexa-base-negra,Silla Flexa Base Negra,Title,Default Title,VC435,333000.0,https://vicca.cl/media/catalog/product/s/i/silla_flexa_ejecutiva_vicca_1.jpg,MERGE
silla-crono,Silla Crono Media Tapizada ,Title,Default Title,VC437,707000.0,https://vicca.cl/media/catalog/product/s/i/silla_cronos_reunion_vicca_2.jpg,MERGE
silla-aurelia-media,Silla Aurelia Media,Title,Default Title,VC438,777000.0,https://vicca.cl/media/catalog/product/s/i/silla_aurelia_media_reunion_gerencia_vicca.jpg,MERGE
silla-aurelia-alta,Silla Aurelia Alta,Title,Default Title,VC439,788000.0,https://vicca.cl/media/catalog/product/s/i/silla_aurelia_reunion_gerencia_vicca.jpg,MERGE
sofa-sofia,Sofá Sofia,Title,Default Title,VC441,198500.0,https://vicca.cl/media/catalog/product/s/o/sofa_modular_sofia_gris_1_vicca.jpg,MERGE
silla-logan-polipropileno-trineo,Silla Logan Polipropileno Trineo,Title,Default Title,VC442,122000.0,https://vicca.cl/media/catalog/product/s/i/silla_logan_base_trineo_polipropileno.jpg,MERGE
silla-logan-tapizada-trineo,Silla Logan Tapizada Trineo,Title,Default Title,VC443,144000.0,https://vicca.cl/media/catalog/product/s/i/silla_logan_base_trineo_tapizada_vicca.jpg,MERGE
cajonera-metalica-nex-2-cajones-1-kardex-movil,Cajonera Metálica Nex 2C1K,Title,Default Title,VC444,133100.0,https://vicca.cl/media/catalog/product/c/a/cajonera_metalica_movil_vicca.jpg,MERGE
cajonera-metalica-mob-3-cajones-movil,Cajonera Metálica Mob 3C,Title,Default Title,VC445,215000.0,https://vicca.cl/media/catalog/product/c/a/cajonera_metalica_mob_movil_1_vicca_3.jpg,MERGE
cajonera-metalica-mob-1-cajon-1-kardex-movil,Cajonera Metálica Mob 1C1K,Title,Default Title,VC446,188800.0,https://vicca.cl/media/catalog/product/c/a/cajonera_metalica_mob_1c1k_vicca_1.jpg,MERGE
cajonera-metalica-mob-2-cajones-1-kardex-fija,"Cajonera Metálica Mob 2C1K, Sin ruedas",Title,Default Title,VC447,240000.0,https://vicca.cl/media/catalog/product/c/a/cajonera_metalica_mob_2c1k_vicca_1.jpg,MERGE
estacion-trabajo-grupal-para-2-personas-corchete-abierto,Estacion Trabajo Grupal 2 Personas,Title,Default Title,VC448,633000.0,https://vicca.cl/media/catalog/product/e/s/estacion_de_trabajo_grupal_2_personas_vicca_corchete_metalico_abierto_4_3.jpg,MERGE
estacion-trabajo-grupal-para-4-personas-corchete-abierto,Estacion Trabajo Grupal 4 Personas,Title,Default Title,VC449,1265000.0,https://vicca.cl/media/catalog/product/e/s/estacion_de_trabajo_grupal_4_personas_vicca_corchete_metalico_abierto_2_3.jpg,MERGE
estacion-trabajo-grupal-para-6-personas-corchete-abierto,Estacion Trabajo Grupal 6 Personas,Title,Default Title,VC450,1880000.0,https://vicca.cl/media/catalog/product/e/s/estacion_de_trabajo_grupal_6_personas_vicca_corchete_metalico_abierto_3_2.jpg,MERGE
estacion-trabajo-grupal-para-2-personas-corchete-cerrado,Estacion Trabajo Grupal 2 Personas Corchete Cerrado,Title,Default Title,VC451,667000.0,https://vicca.cl/media/catalog/product/e/s/estacion_de_trabajo_2_personas_estructura_metalica_corchete_cerrado_vicca_3_1.jpg,MERGE
estacion-trabajo-grupal-para-4-personas-corchete-cerrado,Estacion Trabajo Grupal 4 Personas Corchete Cerrado,Title,Default Title,VC452,1315000.0,https://vicca.cl/media/catalog/product/e/s/estacion_de_trabajo_4_personas_estructura_metalica_corchete_cerrado_vicca_2_1.jpg,MERGE
estacion-trabajo-grupal-para-6-personas-corchete-cerrado,Estacion Trabajo Grupal 6 Personas Corchete Cerrado,Title,Default Title,VC453,1963000.0,https://vicca.cl/media/catalog/product/e/s/estacion_de_trabajo_6_personas_estructura_metalica_corchete_cerrado_vicca_3_1-min.jpg,MERGE
taburete-cosmos,Taburete Cosmos,Title,Default Title,VC454,66000.0,https://vicca.cl/media/catalog/product/t/a/taburuete_cosmos_vicca_1.jpg,MERGE
banqueta-iso-pata-splitz-cromada,Banqueta Iso Pata Splitz Cromada,Title,Default Title,VC456,180000.0,https://vicca.cl/media/catalog/product/b/a/banqueta_iso_pata_splitz_cromada_vicca_1.jpg,MERGE
silla-r6,Silla R6,Title,Default Title,VC457,126600.0,https://vicca.cl/media/catalog/product/s/i/silla_r6_oficina_operativa_vicca_1.jpg,MERGE
silla-r6-blanca,Silla R6 gris,Title,Default Title,VC458,148000.0,https://vicca.cl/media/catalog/product/s/i/silla_r6_blanca_oficina_operativa_vicca_1.jpg,MERGE
pouf-momo,Pouf Momo,Title,Default Title,VC462,187000.0,https://vicca.cl/media/catalog/product/c/a/captura_de_pantalla_2024-06-18_a_la_s_15.44.24.png,MERGE
banqueta-logan-respaldo-polipropileno-asiento-tapizado,Banqueta Logan Respaldo Polipropileno Asiento Tapizado,Title,Default Title,VC466,266000.0,https://vicca.cl/media/catalog/product/b/a/banqueta_logan_asiento_tapizado_respaldo_polipropileno_pata_200_gm_vicca_2_-min.jpg,MERGE
silla-karl,Silla Karl,Title,Default Title,VC471,126041.0,https://vicca.cl/media/catalog/product/s/i/silla_karl_ejecutiva_ergonomica_oficina_vicca_4_1.jpg,MERGE
silla-logan-cajero,Silla Logan Cajero,Title,Default Title,VC479,207000.0,https://vicca.cl/media/catalog/product/4/0/408_logan_cajero_02.jpg,MERGE
silla-tullio-negra,Silla Tullio Negra ,Title,Default Title,VC480,177000.0,https://vicca.cl/media/catalog/product/4/6/468_tullio_base_split_680_02.jpg,MERGE
silla-logan-giratoria-malla,Silla Logan Giratoria Malla,Title,Default Title,VC481,177000.0,https://vicca.cl/media/catalog/product/g/i/giratoria-01_0.jpg,MERGE
taburete-abuela,Taburete Abuela,Title,Default Title,VC486,155500.0,https://vicca.cl/media/catalog/product/t/a/taburete_abuela_gris_claro_2_2.jpg,MERGE
taburete-living,Taburete Living ,Title,Default Title,VC488,88000.0,https://vicca.cl/media/catalog/product/4/0/403_living_taburete_02.jpg,MERGE
silla-clep,Silla Clep,Title,Default Title,VC490,72000.0,https://vicca.cl/media/catalog/product/i/m/imagen3_1_1.png,MERGE
silla-cubo-cajero,Silla Cubo Cajero,Title,Default Title,VC491,124000.0,https://vicca.cl/media/catalog/product/c/u/cubo_cajero_002.jpg,MERGE
silla-gala,Silla Gala,Title,Default Title,VC492,184400.0,https://vicca.cl/media/catalog/product/i/m/imagen17_1.png,MERGE
silla-job-cajero,Silla Job Cajero ,Title,Default Title,VC493,134000.0,https://vicca.cl/media/catalog/product/i/m/imagen15_1_.png,MERGE
poltrona-loto,Poltrona Loto,Title,Default Title,VC499,203000.0,https://vicca.cl/media/catalog/product/i/m/imagen1_3_2.png,MERGE
silla-thor,Silla Thor ,Title,Default Title,VC501,218000.0,https://vicca.cl/media/catalog/product/i/m/imagen6_3_1.png,MERGE
silla-work-up,Silla Work Up,Title,Default Title,VC502,165200.0,https://vicca.cl/media/catalog/product/i/m/imagen14_1_1.png,MERGE
sofa-giotto,Sofá Giotto,Title,Default Title,VC503,409760.0,https://vicca.cl/media/catalog/product/i/m/imagen1_5.png,MERGE
silla-contessa-seconda,Silla Contessa Seconda ,Title,Default Title,VC505,1440000.0,https://vicca.cl/media/catalog/product/c/o/contessa_seconda_negra_da_02.jpg,MERGE
silla-focus,Silla Focus,Title,Default Title,VC470,186000.0,https://vicca.cl/media/catalog/product/f/o/focus-s-cab-2-min.jpg,MERGE
silla-job-negra,Silla Job ,Title,Default Title,VC513,127000.0,https://vicca.cl/media/catalog/product/j/o/job_2_1.png,MERGE
escritorio,Escritorio Simple,Title,Default Title,VC514,134500.0,https://vicca.cl/media/catalog/product/e/s/escritorio-simple-120-x-60.jpg,MERGE
silla-bora-tortora-nardi,Silla Bora Tortora Nardi,Title,Default Title,VC515,88800.0,https://vicca.cl/media/catalog/product/s/i/silla-bora-tortora-01_4.jpg,MERGE
taburete-lido-rojo-nardi,Taburete Lido Rojo Nardi,Title,Default Title,VC516,99500.0,https://vicca.cl/media/catalog/product/t/a/taburete-lido-rojo-01_5.jpg,MERGE
mesa-tolix-alta,Mesa Tolix ,Title,Default Title,VC517,133000.0,https://vicca.cl/media/catalog/product/w/h/whatsapp_image_2024-04-04_at_2.41.49_pm.jpeg,MERGE
mesa-net,Mesa Net,Title,Default Title,VC521,105040.0,https://vicca.cl/media/catalog/product/n/e/net-mesa-grafito-min.jpg,MERGE
mesa-clip-grafito-80,Mesa Clip 80 ,Title,Default Title,VC525,177700.0,https://vicca.cl/media/catalog/product/m/e/mesa-clip-80-grafito-01.jpg,MERGE
mesa-clip-grafito-70,Mesa Clip 70 ,Title,Default Title,VC526,166600.0,https://vicca.cl/media/catalog/product/m/e/mesa-clip70-grafito.jpg,MERGE
mesa-cube-grafito-70,Mesa Cube 70 Grafito ,Title,Default Title,VC527,202160.0,https://vicca.cl/media/catalog/product/m/e/mesa-cube-70-01.jpg,MERGE
mesa-cube-grafito-80,Mesa Cube 80 Grafito ,Title,Default Title,VC528,213390.0,https://vicca.cl/media/catalog/product/m/e/mesa-cube-70-01_1.jpg,MERGE
mesa-levante-rectangular-grafito,Mesa Levante Rectangular Grafito ,Title,Default Title,VC530,500290.0,https://vicca.cl/media/catalog/product/m/e/mesa-levante-grafito-01.jpg,MERGE
mesa-lateral-pop-tortora,Mesa Lateral Pop Tortora,Title,Default Title,VC533,55600.0,https://vicca.cl/media/catalog/product/m/p/mpoptortora01.jpg,MERGE
mesa-rio-grafito-140,Mesa Rio 140 Grafito ,Title,Default Title,VC534,661620.0,https://vicca.cl/media/catalog/product/m/e/mesa-rio140-bcasual-01.jpg,MERGE
mesa-rio-tortora-140,Mesa Rio 140 Tortora ,Title,Default Title,VC535,661620.0,https://vicca.cl/media/catalog/product/m/e/mesa-rio140-bcasual-tortora-01.jpg,MERGE
mesa-rio-tortora-210,Mesa Rio 210 Tortora,Title,Default Title,VC537,1174160.0,https://vicca.cl/media/catalog/product/m/e/mesa-rio210-bcasual-tortora-01.jpg,MERGE
mesa-lateral-rodi-grafito,Mesa Lateral Rodi Grafito ,Title,Default Title,VC538,51300.0,https://vicca.cl/media/catalog/product/m/e/mesa-rodi-grafito-01-1.jpg,MERGE
mesa-lateral-rodi-tortora,Mesa Lateral Rodi Tortora ,Title,Default Title,VC539,51300.0,https://vicca.cl/media/catalog/product/m/e/mesa-rodi-tortora-01-1.jpg,MERGE
mesa-split-blanca,Mesa Sprit Blanca ,Title,Default Title,VC540,75560.0,https://vicca.cl/media/catalog/product/m/e/mesa-spritz-blanca-01.jpg,MERGE
mesa-split-negra,Mesa Sprit Negra ,Title,Default Title,VC541,75560.0,https://vicca.cl/media/catalog/product/m/e/mesa-spritz-grafito-01.jpg,MERGE
mesa-step-negra,Mesa Step Grafito ,Title,Default Title,VC542,75560.0,https://vicca.cl/media/catalog/product/m/e/mesa-step-grafito-01_2.jpg,MERGE
reposera-atlantico-grafito,Reposera Atlántico Grafito ,Title,Default Title,VC626,313000.0,https://vicca.cl/media/catalog/product/r/e/reposera-atlantico-grafito-01.jpg,MERGE
silla-bora-roja-nardi,Silla Bora Roja Nardi,Title,Default Title,VC548,88800.0,https://vicca.cl/media/catalog/product/s/i/silla-bora-roja-01_2.jpg,MERGE
silla-bora-grafito-nardi,Silla Bora Grafito Nardi,Title,Default Title,VC549,88800.0,https://vicca.cl/media/catalog/product/s/i/silla-bora-grafito-01_1_.jpg,MERGE
silla-bit-tortora-nardi,Silla Bit  Nardi Colores,Title,Default Title,VC550,92200.0,https://vicca.cl/media/catalog/product/s/i/silla-bit-tortora-01_2.jpg,MERGE
silla-bit-grafito-nardi,Silla Bit Grafito Nardi ,Title,Default Title,VC552,92200.0,https://vicca.cl/media/catalog/product/s/i/silla-bit-grafito-01_1_.jpg,MERGE
silla-trill-ottanio-apoyabrazos-nardi,Silla Trill Ottanio con Apoyabrazos Nardi,Title,Default Title,VC553,95500.0,https://vicca.cl/media/catalog/product/s/i/silla-trill-brazo-ottanio-nardi_2.jpg,MERGE
silla-trill-grafito-apoyabrazos-nardi,Silla Trill Grafito con Apoyabrazos Nardi,Title,Default Title,VC554,95500.0,https://vicca.cl/media/catalog/product/s/i/silla-trill-brazo-grafito-nardi_2.jpg,MERGE
silla-trill-agave-apoyabrazos-nardi,Silla Trill Agave con Apoyabrazos Nardi,Title,Default Title,VC555,95500.0,https://vicca.cl/media/catalog/product/s/i/silla-trill-brazo-agave-nardi_3.jpg,MERGE
silla-costa-grafito,Silla Costa Grafito ,Title,Default Title,VC557,79990.0,https://vicca.cl/media/catalog/product/s/i/silla-costa-grafito-01_3.jpg,MERGE
silla-costa-tortora,Silla Costa Tortora,Title,Default Title,VC558,79990.0,https://vicca.cl/media/catalog/product/s/i/silla-costa-tortora-01_1.jpg,MERGE
silla-net-grafito,Silla Net Grafito,Title,Default Title,VC560,100900.0,https://vicca.cl/media/catalog/product/s/i/silla-net-grafito-01_2.jpg,MERGE
silla-net-tortora,Silla Net Tortora,Title,Default Title,VC562,100900.0,https://vicca.cl/media/catalog/product/s/i/silla-net-tortora-01_2.jpg,MERGE
silla-net-salice,Silla Net Salice,Title,Default Title,VC563,100900.0,https://vicca.cl/media/catalog/product/s/i/silla-net-salice-01_1.jpg,MERGE
taburete-lido-tortora-nardi,Taburete Lido Tortora Nardi,Title,Default Title,VC564,99500.0,https://vicca.cl/media/catalog/product/t/a/taburete-lido-tortora-01.jpg,MERGE
taburete-lido-grafito-nardi,Taburete Lido Grafito Nardi,Title,Default Title,VC565,99500.0,https://vicca.cl/media/catalog/product/t/_/t.lidografitp01.jpg,MERGE
taburete-faro-mini-blanco,Taburete Faro Mini Blanco,Title,Default Title,VC566,99500.0,https://vicca.cl/media/catalog/product/t/a/taburete-faro-mini-blanco-01_2.jpg,MERGE
taburete-faro-blanco-nardi,Taburete Faro Blanco Nardi,Title,Default Title,VC568,99500.0,https://vicca.cl/media/catalog/product/f/a/faro-blanco-min_2.jpg,MERGE
taburete-faro-grafito-nardi,Taburete Faro Grafito Nardi,Title,Default Title,VC570,99500.0,https://vicca.cl/media/catalog/product/t/a/taburete-faro-mini-grafito01_2_1.jpg,MERGE
taburete-lido-mini-grafito-nardi,Taburete Lido Mini Grafito ,Title,Default Title,VC572,99500.0,https://vicca.cl/media/catalog/product/t/a/taburete-lido-mini-grafito01.jpg,MERGE
taburete-lido-mini-tortora-nardi,Taburete Lido Mini Tortora,Title,Default Title,VC573,99500.0,https://vicca.cl/media/catalog/product/t/a/taburete-lido-mini-tortora-o01.jpg,MERGE
taburete-trill-blanco-nardi,Taburete Trill Blanco Nardi ,Title,Default Title,VC578,98600.0,https://vicca.cl/media/catalog/product/t/a/taburete-trill-blanco01.jpg,MERGE
taburete-trill-mini-grafito,Taburete Trill Mini Grafito,Title,Default Title,VC579,119500.0,https://vicca.cl/media/catalog/product/t/a/taburete-trill-mini-grafito01.jpg,MERGE
taburete-net-senape,Taburete Net Senape,Title,Default Title,VC581,104800.0,https://vicca.cl/media/catalog/product/t/a/taburte-net-senape.jpg,MERGE
taburete-mini-net-senape,Taburete Net Mini Senape,Title,Default Title,VC582,104800.0,https://vicca.cl/media/catalog/product/t/a/taburete-net-mini-senape.jpg,MERGE
silla-gent,Silla Gent ,Title,Default Title,VC585,139000.0,https://vicca.cl/media/catalog/product/g/e/gent22_2.jpg,MERGE
silla-andes,Silla Andes Lite,Title,Default Title,VC586,120000.0,https://vicca.cl/media/catalog/product/a/n/andes-1.jpg,MERGE
silla-trill-senape-sin-brazos-nardi,Silla Trill Senape Nardi,Title,Default Title,VC587,101100.0,https://vicca.cl/media/catalog/product/s/i/silla-trill-senape-01_2.jpg,MERGE
silla-trill-ottanio-sin-brazos-nardi,Silla Trill Ottanio Nardi,Title,Default Title,VC590,101100.0,https://vicca.cl/media/catalog/product/s/i/silla-trill-ottanio-01_2.jpg,MERGE
silla-trill-grafito-sin-brazos-nardi,Silla Trill Grafito Nardi,Title,Default Title,VC591,101100.0,https://vicca.cl/media/catalog/product/s/i/silla-trill-grafito-01_1.jpg,MERGE
silla-plimode,Silla Plimode,Title,Default Title,VC593,655000.0,https://vicca.cl/media/catalog/product/p/l/plimode-negra_02.jpg,MERGE
silla-lives-colores,Silla Lives ,Title,Default Title,VC622,830000.0,https://vicca.cl/media/catalog/product/l/i/lives_celeste_2.jpg,MERGE
silla-blaze,Silla Blaze ,Title,Default Title,VC612,203000.0,https://vicca.cl/media/catalog/product/c/a/captura_de_pantalla_2026-03-09_a_la_s_12.24.03.png,MERGE
escritorio-standing-desk,Standing Desk Patagonia,Title,Default Title,VC614,268900.0,https://vicca.cl/media/catalog/product/2/_/2.png,MERGE
reposera-omega-grafito,Reposera Omega Grafito,Title,Default Title,VC628,278800.0,https://vicca.cl/media/catalog/product/r/e/reposera-omega-grafito-01_1024x1024.jpg,MERGE
reposera-atlantico-tortora,Reposera Atlántico Tortora,Title,Default Title,VC627,313000.0,https://vicca.cl/media/catalog/product/i/m/img_1274.jpg,MERGE
reposera-omega-tortora,Reposera Omega Tortora,Title,Default Title,VC629,278800.0,https://vicca.cl/media/catalog/product/r/e/reposera-omega-beige-01_1024x1024.jpg,MERGE
poltrona-monet-trineo-rojo,Poltrona Monet Trineo Rojo,Title,Default Title,VC630,329900.0,https://vicca.cl/media/catalog/product/p/o/poltrona_monet_trineo_rojo_1_vicca_2.jpg,MERGE
poltrona-monet-trineo-petroleo,Poltrona Monet Trineo Petroleo,Title,Default Title,VC633,329900.0,https://vicca.cl/media/catalog/product/p/o/poltrona_monet_petroleo_1_vicca_1.jpg,MERGE
silla-q3-malla-negra,Silla Q3 Negra ,Title,Default Title,VC637,140000.0,https://vicca.cl/media/catalog/product/q/3/q3_negra_2_2.jpg,MERGE
silla-y10-media-cajero-ecocuero,Silla Y10 Media Cajero,Title,Default Title,VC641,150000.0,https://vicca.cl/media/catalog/product/s/i/silla_y10_cajero_vicca_2_3.jpg,MERGE
silla-abuela-colores,Silla Abuela,Title,Default Title,VC643,122100.0,https://vicca.cl/media/catalog/product/a/b/abuela_roja_3_2.jpg,MERGE
silla-bakhita-colores,Silla Bakhita ,Title,Default Title,VC645,122100.0,https://vicca.cl/media/catalog/product/b/a/bakhita_blanca_2.jpg,MERGE
silla-job-gris-blanca,Silla Job Gris,Title,Default Title,VC648,188000.0,https://vicca.cl/media/catalog/product/j/o/job-gris-02.jpg,MERGE
banqueta-terraza-net-senape-nardi,Banca Terraza Net Senape Nardi,Title,Default Title,VC649,212300.0,https://vicca.cl/media/catalog/product/b/a/banca_terraza_net_senape_1_vicca_1_1-min.jpg,MERGE
banqueta-terraza-net-grafito-nardi,Banca Terraza Net Grafito Nardi,Title,Default Title,VC650,212300.0,https://vicca.cl/media/catalog/product/b/a/banca_terraza_net_grafito_vicca-min.jpg,MERGE
banqueta-terraza-net-tortora-nardi,Banca Terraza Net Tortora Nardi,Title,Default Title,VC651,212300.0,https://vicca.cl/media/catalog/product/b/a/banca_terraza_net_tortora_vicca.jpg,MERGE
banqueta-terraza-net-salice-nardi,Banca Terraza Net Salice Nardi,Title,Default Title,VC652,212300.0,https://vicca.cl/media/catalog/product/b/a/banca_terraza_net_salice_vicca.jpg,MERGE
sillon-net-relax-grafito-nardi,Sillon Net Relax Nardi,Title,Default Title,VC653,135200.0,https://vicca.cl/media/catalog/product/b/a/banca_net_relax_grafito_vicca_nardi.jpg,MERGE
silla-brizza,Silla Brizza respaldo alto,Title,Default Title,VC662,161000.0,https://vicca.cl/media/catalog/product/s/i/silla-brizza1-1.jpg,MERGE
silla-ergosit,Silla Ergo Sit ,Title,Default Title,VC663,486610.0,https://vicca.cl/media/catalog/product/e/r/ergosit3.jpg,MERGE
banqueta-nik,Banqueta Nik ,Title,Default Title,VC664,353000.0,https://vicca.cl/media/catalog/product/m/i/min_nik_panca_59784f8780994.jpg,MERGE
silla-nik-tapizada,Silla Nik Tapizada,Title,Default Title,VC665,99900.0,https://vicca.cl/media/catalog/product/n/i/nik_pg2a.jpg,MERGE
silla-morfeo,Silla Morfeo,Title,Default Title,VC668,197800.0,https://vicca.cl/media/catalog/product/m/o/morfeo-2.jpg,MERGE
silla-roma-roma,Silla Roma,Title,Default Title,VC666,177000.0,https://vicca.cl/media/catalog/product/r/o/roma-2.jpg,MERGE
silla-soporte-pantalla-gris,Soporte Pantalla Atlas I,Title,Default Title,VC669,46500.0,https://vicca.cl/media/catalog/product/o/l/ol-1_silver__2_.jpg,MERGE
silla-soporte-pantalla-doble-gris,Soporte Pantalla Atlas II,Title,Default Title,VC670,84000.0,https://vicca.cl/media/catalog/product/o/l/ol-2_black__7_.jpg,MERGE
silla-apoya-pie,Apoya Pie Classic,Title,Default Title,VC671,30000.0,https://vicca.cl/media/catalog/product/a/p/apoya_pie_2.jpg,MERGE
silla-donnina,Silla Donnina Malla,Title,Default Title,VC672,270000.0,https://vicca.cl/media/catalog/product/s/i/silla-escritorio-allegra-malla-2-600x600.jpg,MERGE
silla-donnina-tapizada-mostaza,Silla Donnina TAPIZADA Colores,Title,Default Title,VC674,320000.0,https://vicca.cl/media/catalog/product/s/i/silla-escritorio-allegra-mostaza-2_2.jpg,MERGE
silla-elba-elba-visita,Silla Elba ,Title,Default Title,VC680,87000.0,https://vicca.cl/media/catalog/product/e/l/elba-visita-2-2.jpg,MERGE
silla-universitaria-elba,Silla Elba Universitaria,Title,Default Title,VC681,111000.0,https://vicca.cl/media/catalog/product/e/l/elba-univ.-2.jpg,MERGE
silla-universitaria-college,Silla Universitaria College,Title,Default Title,vc683,300000.0,https://vicca.cl/media/catalog/product/3/7/371_college-universitaria_02.jpg,MERGE
taburete-delta,Taburete Delta,Title,Default Title,vc684,170000.0,https://vicca.cl/media/catalog/product/c/a/captura_de_pantalla_2021-03-15_a_la_s_15.36.39.png,MERGE
silla-alice-visita-polipropileno,Silla Alice Polipropileno,Title,Default Title,VC685,38000.0,https://vicca.cl/media/catalog/product/s/i/silla_alice-pp_002-793x793.jpg,MERGE
silla-alice-mixta, Silla Alice Mixta,Title,Default Title,vc686,55000.0,https://vicca.cl/media/catalog/product/s/i/silla_alice-1_001-793x793.jpg,MERGE
silla-alice-tapizada, Silla Alice Tapizada,Title,Default Title,VC687,63900.0,https://vicca.cl/media/catalog/product/s/i/silla_alice-2_001-793x793.jpg,MERGE
silla-alice-universitaria-polipropileno,Silla Alice Universitaria polipropileno,Title,Default Title,VC688,66000.0,https://vicca.cl/media/catalog/product/c/a/captura_de_pantalla_2021-03-19_a_la_s_16.55.19.png,MERGE
silla-attiva-malla-tapizada,Silla Attiva Respaldo Malla Alto,Title,Default Title,VC689,833000.0,https://vicca.cl/media/catalog/product/a/t/attiva_lata.jpg,MERGE
silla-cosmos,Silla Cosmos Polipropileno,Title,Default Title,VC690,40400.0,https://vicca.cl/media/catalog/product/d/s/dsc_0149-793x793.jpg,MERGE
visita-space,Silla Space Polipropileno,Title,Default Title,VC692,34800.0,https://vicca.cl/media/catalog/product/s/i/silla_space_blanco_002-793x793.jpg,MERGE
silla-slim,Silla Slim 4 Patas,Title,Default Title,VC694,195750.0,https://vicca.cl/media/catalog/product/s/l/sl0021.jpg,MERGE
silla-slim-arana,Silla Slim Pata Araña,Title,Default Title,VC695,247740.0,https://vicca.cl/media/catalog/product/m/o/moving_slim_swivel_base_armrest_04.jpg,MERGE
silla-flexa-base-blanca,Silla Flexa Base Blanca,Title,Default Title,VC696,388000.0,https://vicca.cl/media/catalog/product/f/l/flexa_moving_black.jpg,MERGE
taburete-cob,Taburete Cob,Title,Default Title,VC697,60000.0,https://vicca.cl/media/catalog/product/c/o/cob_negro_001.jpg,MERGE
silla-cubo,Silla Cubo,Title,Default Title,VC698,113000.0,https://vicca.cl/media/catalog/product/c/u/cubo-2_1.jpg,MERGE
silla-vela,Silla Vela / Fast,Title,Default Title,VC699,103300.0,https://vicca.cl/media/catalog/product/s/i/silla-vela-2_1.jpg,MERGE
silla-tela,Silla Tela,Title,Default Title,VC701,167000.0,https://vicca.cl/media/catalog/product/t/e/tela_2_2.jpg,MERGE
taburete-nova-iso,Taburete Iso Colores,Title,Default Title,VC703,66000.0,https://vicca.cl/media/catalog/product/w/h/whatsapp_image_2021-06-11_at_14.36.02.jpeg,MERGE
sofa-donnato,Sofá Donnato,Title,Default Title,VC704,215100.0,https://vicca.cl/media/catalog/product/c/a/captura_de_pantalla_2021-07-12_a_la_s_09.55.50_3.png,MERGE
poltrona-greco,Poltrona Greco,Title,Default Title,VC707,97400.0,https://vicca.cl/media/catalog/product/w/h/whatsapp_image_2021-07-13_at_12.43.58_pm.jpeg,MERGE
poltrona-aurora,Poltrona Aurora,Title,Default Title,VC708,125500.0,https://vicca.cl/media/catalog/product/p/o/poltrona_aurora_beige_1.jpg,MERGE
silla-twist,Silla Twist,Title,Default Title,VC712,395000.0,https://vicca.cl/media/catalog/product/t/w/twist_negra_cabecero_5__3.jpg,MERGE
silla-boomer-negra,Silla Boomer Negra,Title,Default Title,VC714,108500.0,https://vicca.cl/media/catalog/product/b/o/boomer_negra-_roja_2.jpg,MERGE
silla-rolla,Silla Rolla lite,Title,Default Title,VC716,188000.0,https://vicca.cl/media/catalog/product/c/a/captura_de_pantalla_2026-02-25_a_la_s_15.15.07.png,MERGE
silla-iso-giratoria,Silla Iso plástica  Giratoria,Title,Default Title,VC718,72000.0,https://vicca.cl/media/catalog/product/2/-/2-3.jpg,MERGE
silla-isosceles-giratoria,Silla Isosceles giratoria,Title,Default Title,VC719,96600.0,https://vicca.cl/media/catalog/product/s/i/silla-2.jpg,MERGE
silla-sillon-clark-negra,Silla/ Sillón Clark,Title,Default Title,VC721,94400.0,https://vicca.cl/media/catalog/product/c/l/clark_04_1024x1024.jpg,MERGE
butaca-auditorio-teatro,Butaca Auditorio / Teatro / Cine,Title,Default Title,VC724,333000.0,https://vicca.cl/media/catalog/product/b/u/butaca-con-paleta.png,MERGE
piso-clinico,Piso Clínico Giratorio,Title,Default Title,VC725,99000.0,https://vicca.cl/media/catalog/product/c/a/captura_de_pantalla_2022-04-05_a_la_s_10.58.37.png,MERGE
silla-happy-negra,Silla Happy Negra/ Gris,Title,Default Title,VC727 ,92000.0,https://vicca.cl/media/catalog/product/c/a/captura_de_pantalla_2022-05-11_a_la_s_12.01.39_1.png,MERGE
silla-cuba-cromada,Silla Cuba reclinable y brazo regulable,Title,Default Title,VC729,99000.0,https://vicca.cl/media/catalog/product/4/5/45ab3b8775a8114422a20c76ea5935.jpg,MERGE
banqueta-iso-plastica,Banqueta Iso  Tapizada ,Title,Default Title,CV731,154000.0,https://vicca.cl/media/catalog/product/c/a/captura_de_pantalla_2022-08-23_a_la_s_15.51.44.png,MERGE
silla-portone-negra,Silla Portone Negra,Title,Default Title,CV732,499900.0,https://vicca.cl/media/catalog/product/c/a/captura_de_pantalla_2022-09-22_a_la_s_12.06.08.png,MERGE
silla-iso-visita-polipropileno,Silla Iso Polipropileno,Title,Default Title,CV733,32200.0,https://vicca.cl/media/catalog/product/w/h/whatsapp_image_2022-10-11_at_3.06.10_pm_1_.jpeg,MERGE
silla-spring-visita-polipropileno,Silla Spring Polipropileno,Title,Default Title,CV734,37700.0,https://vicca.cl/media/catalog/product/w/h/whatsapp_image_2022-10-11_at_3.06.11_pm_1_.jpeg,MERGE
silla-isosceles-visita,Silla Isosceles  Tapizada Nacional,Title,Default Title,CV735,51500.0,https://vicca.cl/media/catalog/product/w/h/whatsapp_image_2022-10-11_at_3.06.10_pm_2_.jpeg,MERGE
silla-frila,Silla Frila,Title,Default Title,CV736,53000.0,https://vicca.cl/media/catalog/product/f/r/frida_verde_6.jpg,MERGE
silla-ronet,Silla Ronet,Title,Default Title,CV737,241000.0,https://vicca.cl/media/catalog/product/m/o/monet002.jpg,MERGE
silla-goya,Silla Goya,Title,Default Title,CV738,154000.0,https://vicca.cl/media/catalog/product/g/o/goya002.jpg,MERGE
silla-torhu,Silla Torhu,Title,Default Title,CV740,137000.0,https://vicca.cl/media/catalog/product/t/o/torhu-web-3.jpg,MERGE
silla-portone-gris,Silla Portone Gris,Title,Default Title,CV741,547350.0,https://vicca.cl/media/catalog/product/p/o/portone1.jpg,MERGE
silla-nina,Silla Nina,Title,Default Title,CV742,230000.0,https://vicca.cl/media/catalog/product/n/i/nina-1.jpg,MERGE
silla-terra,Silla Terra,Title,Default Title,CV743,116000.0,https://vicca.cl/media/catalog/product/t/e/tera-2.jpg,MERGE
silla-auditorio,Silla Auditorio ,Title,Default Title,CV745,66000.0,https://vicca.cl/media/catalog/product/s/i/silla-auditorio.jpg,MERGE
silla-romy,Silla Romy negra Pivotal,Title,Default Title,CV746,97000.0,https://vicca.cl/media/catalog/product/w/h/whatsapp_image_2023-07-04_at_4.20.49_pm.jpeg,MERGE
silla-romy-cajero,Silla Romy cajero negra,Title,Default Title,CV747,115000.0,https://vicca.cl/media/catalog/product/c/a/captura_de_pantalla_2025-09-15_a_la_s_10.08.16.png,MERGE
silla-cova,Silla Cova,Title,Default Title,CV748,88000.0,https://vicca.cl/media/catalog/product/w/h/whatsapp_image_2023-11-29_at_12.41.54_pm.jpeg,MERGE
silla-joya,Silla Joya,Title,Default Title,CV749,53000.0,https://vicca.cl/media/catalog/product/j/o/joga_naranjo_002.jpg,MERGE
silla-florencia,Silla Florencia,Title,Default Title,CV750,185000.0,https://vicca.cl/media/catalog/product/w/h/whatsapp_image_2023-12-26_at_4.40.38_pm.jpeg,MERGE
silla-noa,Silla Noa,Title,Default Title,CV751,299000.0,https://vicca.cl/media/catalog/product/c/a/captura_de_pantalla_2024-02-20_a_la_s_12.51.44.png,MERGE
silla-logan-respaldo-polipropileno-asiento-tapizado,Silla Logan Universitaria Respaldo Polipropileno Asiento Tapizado,Title,Default Title,CV752,195000.0,https://vicca.cl/media/catalog/product/c/a/captura_de_pantalla_2024-05-10_a_la_s_10.04.45.png,MERGE
escritorio-trabajo-individual-recto,Escritorio de Trabajo Recto,Title,Default Title,CV753,280000.0,https://vicca.cl/media/catalog/product/w/h/white_oak.jpg,MERGE
escritorio-trabajo-individual-en-l,Escritorio de Trabajo en L,Title,Default Title,CV754,430000.0,https://vicca.cl/media/catalog/product/n/i/niebla_2_.jpg,MERGE
escritorio-trabajo-individual-recto-base-melamina,Escritorio Individual Recto Base Melamina,Title,Default Title,CV755,219000.0,https://vicca.cl/media/catalog/product/b/l/blanco.jpg,MERGE
escritorio-trabajo-individual-recto-base-melamina,Escritorio Individual Recto Base Melamina con cajonera incorporada,Title,Default Title,CV756,400000.0,https://vicca.cl/media/catalog/product/c/a/captura_de_pantalla_2026-04-07_a_la_s_10.33.34.png,MERGE
mesa-reunion-redonda,Mesa de Reunion Redonda ,Title,Default Title,CV757,222000.0,https://vicca.cl/media/catalog/product/e/s/escritorio_redonda_2.jpg,MERGE
mesa-reunion-rectangular,Mesa Reunion Rectangular,Title,Default Title,CV758,444000.0,https://vicca.cl/media/catalog/product/v/a/vainilla_2_.jpg,MERGE
banqueta-metalica-pata-splitz,Banqueta Metálica ,Title,Default Title,CV759,244000.0,https://vicca.cl/media/catalog/product/b/a/banqueta_raptor_2_.jpg,MERGE
cajonera-melamina,Cajonera móvil,Title,Default Title,CV760,222000.0,https://vicca.cl/media/catalog/product/w/h/whatsapp_image_2024-07-10_at_2.45.39_pm.jpeg,MERGE
silla-mura,Silla Mura,Title,Default Title,CV761,98000.0,https://vicca.cl/media/catalog/product/c/a/captura_de_pantalla_2024-07-12_a_la_s_11.45.58.png,MERGE
silla-toya-cajero,Silla Toya Gris  Cajero,Title,Default Title,CV762,122000.0,https://vicca.cl/media/catalog/product/s/i/silla_toya_celeste_.jpg,MERGE
silla-ergodream,Silla Ergo Dream,Title,Default Title,CV763,390000.0,https://vicca.cl/media/catalog/product/4/_/4_4.jpg,MERGE
silla-toya-gris,Silla Toya Gris  ,Title,Default Title,CV764,110000.0,https://vicca.cl/media/catalog/product/s/i/silla_toya_rosa_1.jpg,MERGE
silla-isonet-universitaria,Silla Isonet Universitaria,Title,Default Title,CV765,77000.0,https://vicca.cl/media/catalog/product/c/a/captura_de_pantalla_2024-09-09_a_la_s_14.24.38.png,MERGE
silla-crossback-madera,Silla Crossback Madera Rattan Natural,Title,Default Title,CV766,78000.0,https://vicca.cl/media/catalog/product/s/i/silla-crossback-madera1.jpg,MERGE
silla-crossback-madera-blanca,Silla Crossback Madera Blanca/ Rattan ,Title,Default Title,CV7467,78000.0,https://vicca.cl/media/catalog/product/w/h/white-_2_.jpg,MERGE
silla-crossback-madera-negro,Silla Crossback Madera Negra/ Rattan ,Title,Default Title,CV768,78000.0,https://vicca.cl/media/catalog/product/s/i/silla-crossback-madera-negra.jpg,MERGE
silla-crossback-polipropileno-menta,Silla Crossback polipropileno ,Title,Default Title,CV769,32000.0,https://vicca.cl/media/catalog/product/7/_/7.jpg,MERGE
taburete-crossback-polipropileno-blanco,Taburete Crossback polipropileno  blanco,Title,Default Title,CV770,64000.0,https://vicca.cl/media/catalog/product/t/a/taburete_cross_blanco.png,MERGE
taburete-crossback-polipropileno-negro,Taburete Crossback polipropileno  Negro,Title,Default Title,CV771,64000.0,https://vicca.cl/media/catalog/product/p/b/pb02-_2_.jpg,MERGE
sitial-chandigarh,Sitial Chandigarh Madera / Rattan,Title,Default Title,CV772,92800.0,https://vicca.cl/media/catalog/product/s/i/silla-chandigarh-madera2.jpg,MERGE
sitial-chandigarh-madera-negra-rattan,Sitial Chandigarh Madera Negra  / Rattan,Title,Default Title,CV773,92800.0,https://vicca.cl/media/catalog/product/s/i/silla-chandigarh-madera-negra.jpg,MERGE
silla-alice-mixta-universitaria, Silla Alice Mixta Universitaria,Title,Default Title,CV774,83000.0,https://vicca.cl/media/catalog/product/c/a/captura_de_pantalla_2024-09-30_a_la_s_16.58.59.png,MERGE
poltrona-diamante-gris,Poltrona Diamante Gris,Title,Default Title,CV775,88000.0,https://vicca.cl/media/catalog/product/i/m/imagen-de-whatsapp-2023-05-17-a-las-15.41.003.jpg,MERGE
poltrona-diamante-beiga,Poltrona Diamante Beige,Title,Default Title,CV776,88000.0,https://vicca.cl/media/catalog/product/i/m/imagen-de-whatsapp-2023-05-17-a-las-15.41.00.jpg,MERGE
poltrona-fabric-alta-gris,Poltrona Fabric Alta ,Title,Default Title,CV777,138000.0,https://vicca.cl/media/catalog/product/p/o/poltrona-fabric-tipo-radar---beige1.jpg,MERGE
silla-santino,Silla Santino ,Title,Default Title,CV778,111000.0,https://vicca.cl/media/catalog/product/s/i/silla_santino.jpg,MERGE
silla-logan-mixta-trineo,Silla Logan Mixta Trineo,Title,Default Title,CV779,144000.0,https://vicca.cl/media/catalog/product/c/a/captura_de_pantalla_2024-11-04_a_la_s_12.36.22.png,MERGE
silla-tulip,Silla Tulip ,Title,Default Title,CV780,95000.0,https://vicca.cl/media/catalog/product/c/a/captura_de_pantalla_2024-11-06_a_la_s_16.45.26.png,MERGE
silla-nova-iso-italiana-negra,Silla Novaiso Italiana Negra,Title,Default Title,CV781,28800.0,https://vicca.cl/media/catalog/product/n/o/nova-iso_1_-min_1.jpg,MERGE
silla-maximo,Silla Maximo,Title,Default Title,CV782,121000.0,https://vicca.cl/media/catalog/product/s/i/silla_ma_ximo_4.jpg,MERGE
silla-oxford-gris,Silla Oxford Gris,Title,Default Title,CV783,130000.0,https://vicca.cl/media/catalog/product/c/a/captura_de_pantalla_2025-05-22_a_la_s_14.27.38.png,MERGE
mesa-orion,Mesa Orion,Title,Default Title,CV784,122000.0,https://vicca.cl/media/catalog/product/a/m/amb_orion_.png,MERGE
poltrona-sara,Poltrona Sara trineo,Title,Default Title,CV785,322000.0,https://vicca.cl/media/catalog/product/2/9/29.jpg,MERGE
poltrona-vito,Poltrona Vito,Title,Default Title,CV786,288000.0,https://vicca.cl/media/catalog/product/p/o/poltrona_vito_1.jpg,MERGE
silla-matte,Silla Matte,Title,Default Title,CV787,206000.0,https://vicca.cl/media/catalog/product/s/i/silla_modelo_matte1.jpg,MERGE
sofa-alfa,Sofa Alfa,Title,Default Title,CV788,424000.0,https://vicca.cl/media/catalog/product/s/o/sofa_alfa_3_3_.jpg,MERGE
silla-bolo,Silla Bolo,Title,Default Title,CV789,50000.0,https://vicca.cl/media/catalog/product/g/r/green_front.jpg,MERGE
silla-blaze,Silla Blaze Tapizada,Title,Default Title,CV790,222000.0,https://vicca.cl/media/catalog/product/c/a/captura_de_pantalla_2026-03-09_a_la_s_12.13.42.png,MERGE
silla-jazz-visita,Silla Jazz,Title,Default Title,CV791,92500.0,https://vicca.cl/media/catalog/product/c/a/captura_de_pantalla_2026-04-15_a_la_s_15.34.23.png,MERGE
