Handle,Metafield: custom.related_products [list.product_reference]
silla-iso-revolution-polipropileno,"[""silla-iso-smart-italiana-polipropileno"", ""silla-layer"", ""silla-nova-iso-italiana"", ""silla-pismo""]"
silla-shell,"[""silla-shell-trineo"", ""silla-strike"", ""silla-universitaria-shell""]"
silla-shell-trineo,"[""silla-shell"", ""silla-universitaria-shell"", ""silla-dream-malla"", ""silla-dream-tapizada"", ""silla-dream-tapizada-trineo"", ""silla-isosceles""]"
silla-strike,"[""silla-iso-revolution-polipropileno"", ""silla-shell"", ""silla-iso-smart-italiana-polipropileno"", ""silla-layer"", ""silla-nova-iso-italiana"", ""silla-pismo""]"
mesa-eames,"[""mesa-eileen-p-blanco"", ""mesa-elina-blanco""]"
mesa-eileen-p-blanco,"[""mesa-eames"", ""mesa-elina-blanco""]"
mesa-elina-blanco,"[""mesa-eames"", ""mesa-eileen-p-blanco""]"
silla-dsw-estilo-eames-blanca,"[""silla-dsw-estilo-eames-celeste"", ""silla-dsw-estilo-eames-negra"", ""silla-dsw-estilo-eames-roja"", ""silla-dsw-estilo-eames-rosada"", ""silla-dsw-estilo-organic-beige"", ""silla-dsw-patchwork-multicolor""]"
silla-dsw-estilo-eames-celeste,"[""silla-dsw-estilo-eames-blanca"", ""silla-dsw-estilo-eames-negra"", ""silla-dsw-estilo-eames-roja"", ""silla-dsw-estilo-eames-rosada"", ""silla-dsw-estilo-organic-beige"", ""silla-dsw-patchwork-multicolor""]"
silla-dsw-estilo-eames-negra,"[""silla-dsw-estilo-eames-blanca"", ""silla-dsw-estilo-eames-celeste"", ""silla-dsw-estilo-eames-roja"", ""silla-dsw-estilo-eames-rosada"", ""silla-dsw-estilo-organic-beige"", ""silla-dsw-patchwork-multicolor""]"
silla-dsw-estilo-eames-roja,"[""silla-dsw-estilo-eames-blanca"", ""silla-dsw-estilo-eames-celeste"", ""silla-dsw-estilo-eames-negra"", ""silla-dsw-estilo-eames-rosada"", ""silla-dsw-patchwork-multicolor""]"
silla-dsw-estilo-eames-rosada,"[""silla-dsw-estilo-eames-blanca"", ""silla-dsw-estilo-eames-celeste"", ""silla-dsw-estilo-eames-negra"", ""silla-dsw-estilo-eames-roja"", ""silla-dsw-patchwork-multicolor""]"
silla-dsw-estilo-organic-beige,"[""silla-dsw-estilo-eames-negra"", ""silla-dsw-estilo-eames-patchwork-multicolor"", ""silla-dsw-estilo-eames-roja"", ""silla-dsw-estilo-eames-rosada"", ""silla-patchwork-organic-multicolor"", ""silla-dsw-estilo-eames-kids-amarilla"", ""taburete-dsw-eames-blanco""]"
silla-dsw-patchwork-multicolor,"[""silla-dsw-estilo-eames-blanca"", ""silla-dsw-estilo-eames-celeste"", ""silla-dsw-estilo-eames-negra"", ""silla-dsw-estilo-eames-roja"", ""silla-dsw-estilo-eames-rosada""]"
silla-patchwork-organic-multicolor,"[""silla-dsw-estilo-eames-negra"", ""silla-dsw-estilo-eames-patchwork-multicolor"", ""silla-dsw-estilo-eames-roja"", ""silla-dsw-estilo-eames-rosada"", ""silla-dsw-estilo-organic-beige"", ""silla-dsw-estilo-eames-kids-amarilla"", ""taburete-dsw-eames-blanco""]"
silla-selena-tapiz-organic,"[""silla-selena-blanca""]"
taburete-shell,"[""taburete-race-colores""]"
banqueta-dream-polipropileno,"[""banqueta-dream-respaldo-malla"", ""banqueta-dream-tapizada-completa"", ""banqueta-kyos-asiento-tapizada"", ""banqueta-kyos-polipropileno"", ""banqueta-cosmos-pata-luna-cromada"", ""banqueta-cosmos-pata-recta"", ""banqueta-alice-polipropileno-plastico-pata-luna-cromada"", ""banqueta-alice-polipropileno-plastico-pata-splitz""]"
banqueta-dream-respaldo-malla,"[""banqueta-dream-polipropileno"", ""banqueta-dream-tapizada-completa"", ""banqueta-kyos-asiento-tapizada"", ""banqueta-kyos-respaldo-malla"", ""banqueta-cosmos-pata-luna-cromada"", ""banqueta-alice-polipropileno-plastico-pata-luna-cromada""]"
banqueta-dream-tapizada-completa,"[""banqueta-dream-polipropileno"", ""banqueta-dream-respaldo-malla"", ""banqueta-iso-revolution-respaldo-polipropileno-asiento-tapizado"", ""banqueta-iso-revolution-tapizada"", ""banqueta-kyos-tapizada-completa"", ""banqueta-kyos-asiento-tapizada"", ""banqueta-kyos-respaldo-malla"", ""banqueta-spring-tapizada-pata-recta-negra"", ""banqueta-alice-mixta-pata-splitz"", ""banqueta-alice-tapizada""]"
banqueta-iso-revolution-polipropileno,"[""banqueta-dream-polipropileno"", ""banqueta-dream-respaldo-malla"", ""banqueta-iso-revolution-respaldo-polipropileno-asiento-tapizado"", ""banqueta-iso-revolution-tapizada"", ""banqueta-iso-smart-plastica-italiana"", ""banqueta-kyos-polipropileno"", ""banqueta-shell-pla-stica"", ""banqueta-iso-plastica"", ""banqueta-alice-polipropileno-plastico-pata-luna-cromada"", ""banqueta-alice-polipropileno-plastico-pata-splitz"", ""banqueta-alice-mixta-pata-splitz""]"
banqueta-iso-revolution-respaldo-polipropileno-asiento-tapizado,"[""banqueta-dream-polipropileno"", ""banqueta-dream-respaldo-malla"", ""banqueta-dream-tapizada-completa"", ""banqueta-iso-revolution-polipropileno"", ""banqueta-iso-revolution-tapizada"", ""banqueta-kyos-asiento-tapizada"", ""banqueta-kyos-polipropileno""]"
banqueta-iso-revolution-tapizada,"[""banqueta-dream-respaldo-malla"", ""banqueta-dream-tapizada-completa"", ""banqueta-iso-revolution-polipropileno"", ""banqueta-iso-revolution-respaldo-polipropileno-asiento-tapizado"", ""banqueta-isonet"", ""banqueta-kyos-tapizada-completa"", ""banqueta-kyos-asiento-tapizada"", ""butaca-florencia"", ""banqueta-kyos-respaldo-malla"", ""banqueta-spring-tapizada-pata-recta-negra""]"
banqueta-iso-smart-plastica-italiana,"[""banqueta-dream-polipropileno"", ""banqueta-dream-respaldo-malla"", ""banqueta-iso-revolution-polipropileno"", ""banqueta-kyos-polipropileno"", ""banqueta-layer"", ""banqueta-shell-pla-stica"", ""banqueta-kyos-respaldo-malla"", ""banqueta-cosmos-pata-luna-cromada"", ""banqueta-cosmos-pata-recta"", ""banqueta-spring-tapizada-pata-recta-negra"", ""banqueta-iso-plastica"", ""banqueta-alice-polipropileno-plastico-pata-luna-cromada"", ""banqueta-alice-polipropileno-plastico-pata-splitz"", ""banqueta-alice-mixta-pata-splitz""]"
banqueta-isonet,"[""banqueta-dream-respaldo-malla"", ""banqueta-dream-tapizada-completa"", ""banqueta-iso-revolution-tapizada"", ""banqueta-kyos-tapizada-completa"", ""banqueta-kyos-asiento-tapizada"", ""banqueta-layer"", ""banqueta-shell-tapizada"", ""banqueta-kyos-respaldo-malla"", ""banqueta-spring-tapizada-pata-recta-negra"", ""banqueta-alice-mixta-pata-splitz""]"
banqueta-kyos-tapizada-completa,"[""banqueta-dream-respaldo-malla"", ""banqueta-dream-tapizada-completa"", ""banqueta-iso-revolution-respaldo-polipropileno-asiento-tapizado"", ""banqueta-iso-revolution-tapizada"", ""banqueta-isonet"", ""banqueta-kyos-asiento-tapizada"", ""banqueta-kyos-polipropileno"", ""banqueta-shell-tapizada"", ""butaca-florencia"", ""banqueta-kyos-respaldo-malla"", ""banqueta-alice-mixta-pata-splitz"", ""banqueta-alice-tapizada""]"
banqueta-kyos-asiento-tapizada,"[""banqueta-dream-respaldo-malla"", ""banqueta-dream-tapizada-completa"", ""banqueta-iso-revolution-respaldo-polipropileno-asiento-tapizado"", ""banqueta-iso-revolution-tapizada"", ""banqueta-isonet"", ""banqueta-kyos-tapizada-completa"", ""banqueta-kyos-polipropileno"", ""banqueta-shell-tapizada"", ""butaca-florencia"", ""banqueta-kyos-respaldo-malla"", ""banqueta-spring-tapizada-pata-recta-negra"", ""banqueta-alice-mixta-pata-splitz""]"
banqueta-kyos-polipropileno,"[""banqueta-dream-polipropileno"", ""banqueta-dream-respaldo-malla"", ""banqueta-iso-revolution-polipropileno"", ""banqueta-iso-revolution-respaldo-polipropileno-asiento-tapizado"", ""banqueta-kyos-tapizada-completa"", ""banqueta-kyos-asiento-tapizada"", ""banqueta-layer"", ""banqueta-shell-pla-stica"", ""banqueta-kyos-respaldo-malla"", ""banqueta-cosmos-pata-luna-cromada"", ""banqueta-cosmos-pata-recta"", ""banqueta-iso-plastica"", ""banqueta-alice-polipropileno-plastico-pata-luna-cromada"", ""banqueta-alice-polipropileno-plastico-pata-splitz"", ""banqueta-alice-mixta-pata-splitz""]"
banqueta-layer,"[""banqueta-dream-polipropileno"", ""banqueta-dream-respaldo-malla"", ""banqueta-iso-revolution-polipropileno"", ""banqueta-iso-revolution-respaldo-polipropileno-asiento-tapizado"", ""banqueta-iso-smart-plastica-italiana"", ""banqueta-kyos-polipropileno"", ""banqueta-shell-pla-stica"", ""banqueta-kyos-respaldo-malla"", ""banqueta-cosmos-pata-luna-cromada"", ""banqueta-cosmos-pata-recta"", ""banqueta-iso-plastica"", ""banqueta-alice-polipropileno-plastico-pata-luna-cromada"", ""banqueta-alice-polipropileno-plastico-pata-splitz"", ""banqueta-alice-mixta-pata-splitz""]"
banqueta-shell-pla-stica,"[""banqueta-dream-polipropileno"", ""banqueta-iso-revolution-polipropileno"", ""banqueta-iso-revolution-respaldo-polipropileno-asiento-tapizado"", ""banqueta-kyos-polipropileno"", ""banqueta-shell-tapizada"", ""banqueta-cosmos-pata-luna-cromada"", ""banqueta-cosmos-pata-recta"", ""banqueta-iso-plastica"", ""banqueta-alice-polipropileno-plastico-pata-luna-cromada"", ""banqueta-alice-polipropileno-plastico-pata-splitz"", ""banqueta-alice-mixta-pata-splitz""]"
banqueta-shell-tapizada,"[""banqueta-dream-tapizada-completa"", ""banqueta-iso-revolution-tapizada"", ""banqueta-isonet"", ""banqueta-kyos-tapizada-completa"", ""banqueta-shell-pla-stica"", ""butaca-florencia"", ""banqueta-spring-tapizada-pata-recta-negra""]"
butaca-florencia,"[""banqueta-dream-tapizada-completa"", ""banqueta-iso-revolution-tapizada"", ""banqueta-isonet"", ""banqueta-kyos-tapizada-completa"", ""banqueta-alice-mixta-pata-splitz"", ""banqueta-alice-tapizada""]"
silla-bologna-cajero,"[""silla-rudy-media-cajero"", ""silla-torino-1-cajero"", ""silla-torino-cajero-media"", ""silla-torino-1-alta-pivotal""]"
silla-iso-cajero,"[""silla-bologna-cajero"", ""silla-prisma-cajero"", ""silla-rudy-media-cajero"", ""silla-torino-1-cajero"", ""silla-torino-cajero-media"", ""silla-tulip-cajero""]"
silla-prisma-cajero,"[""silla-bologna-cajero"", ""silla-iso-cajero"", ""silla-rudy-media-cajero"", ""silla-torino-1-cajero"", ""silla-torino-cajero-media"", ""silla-tulip-cajero""]"
silla-rudy-media-cajero,"[""silla-bologna-cajero"", ""silla-iso-cajero"", ""silla-prisma-cajero"", ""silla-torino-1-cajero"", ""silla-torino-cajero-media"", ""silla-tulip-cajero""]"
silla-torino-1-cajero,"[""silla-bologna-cajero"", ""silla-iso-cajero"", ""silla-prisma-cajero"", ""silla-rudy-media-cajero"", ""silla-torino-cajero-media"", ""silla-tulip-cajero""]"
silla-torino-cajero-media,"[""silla-bologna-cajero"", ""silla-iso-cajero"", ""silla-prisma-cajero"", ""silla-rudy-media-cajero"", ""silla-torino-1-cajero"", ""silla-tulip-cajero"", ""silla-torino-1-alta-pivotal"", ""silla-torino-alta-pivotal"", ""silla-torino-media-pivotal""]"
silla-tulip-cajero,"[""silla-bologna-cajero"", ""silla-iso-cajero"", ""silla-prisma-cajero"", ""silla-rudy-media-cajero"", ""silla-torino-1-cajero"", ""silla-torino-cajero-media""]"
silla-universitaria-dream-respaldo-malla,"[""silla-universitaria-iso-revolution"", ""silla-universitaria-spring-plastica-paleta-nacional"", ""silla-universitaria-kyos"", ""silla-universitaria-layer"", ""silla-universitaria-prisma"", ""silla-universitaria-shell"", ""silla-universitaria-uni"", ""silla-universitaria-iso-revolution-malla"", ""silla-universitaria-kyos-malla"", ""silla-universitaria-kyos-respaldo-plastico-asiento-tapizado"", ""silla-universitaria-novaiso"", ""silla-universitaria-iso-smart-italiana-mixta"", ""silla-universitaria-isosceles-tapizada""]"
silla-universitaria-iso-revolution,"[""silla-universitaria-dream-respaldo-malla"", ""silla-universitaria-spring-plastica-paleta-nacional"", ""silla-universitaria-kyos"", ""silla-universitaria-layer"", ""silla-universitaria-prisma"", ""silla-universitaria-shell"", ""silla-universitaria-uni"", ""silla-universitaria-iso-revolution-malla"", ""silla-universitaria-kyos-malla"", ""silla-universitaria-kyos-respaldo-plastico-asiento-tapizado"", ""silla-universitaria-novaiso"", ""silla-universitaria-iso-smart-italiana-mixta"", ""silla-universitaria-isosceles-tapizada""]"
silla-universitaria-spring-plastica-paleta-nacional,"[""silla-universitaria-dream-respaldo-malla"", ""silla-universitaria-iso-revolution"", ""silla-universitaria-kyos"", ""silla-universitaria-layer"", ""silla-universitaria-prisma"", ""silla-universitaria-shell"", ""silla-universitaria-uni"", ""silla-universitaria-iso-revolution-malla"", ""silla-universitaria-kyos-malla"", ""silla-universitaria-kyos-respaldo-plastico-asiento-tapizado"", ""silla-universitaria-novaiso"", ""silla-universitaria-iso-smart-italiana-mixta"", ""silla-universitaria-isosceles-tapizada""]"
silla-universitaria-kyos,"[""silla-universitaria-dream-respaldo-malla"", ""silla-universitaria-iso-revolution"", ""silla-universitaria-spring-plastica-paleta-nacional"", ""silla-universitaria-layer"", ""silla-universitaria-prisma"", ""silla-universitaria-shell"", ""silla-universitaria-uni"", ""silla-universitaria-iso-revolution-malla"", ""silla-universitaria-kyos-malla"", ""silla-universitaria-kyos-respaldo-plastico-asiento-tapizado"", ""silla-universitaria-novaiso"", ""silla-universitaria-iso-smart-italiana-mixta"", ""silla-universitaria-isosceles-tapizada""]"
silla-universitaria-layer,"[""silla-universitaria-dream-respaldo-malla"", ""silla-universitaria-iso-revolution"", ""silla-universitaria-spring-plastica-paleta-nacional"", ""silla-universitaria-kyos"", ""silla-universitaria-prisma"", ""silla-universitaria-shell"", ""silla-universitaria-uni"", ""silla-universitaria-iso-revolution-malla"", ""silla-universitaria-kyos-malla"", ""silla-universitaria-kyos-respaldo-plastico-asiento-tapizado"", ""silla-universitaria-novaiso"", ""silla-universitaria-iso-smart-italiana-mixta"", ""silla-universitaria-isosceles-tapizada""]"
silla-universitaria-prisma,"[""silla-universitaria-dream-respaldo-malla"", ""silla-universitaria-iso-revolution"", ""silla-universitaria-spring-plastica-paleta-nacional"", ""silla-universitaria-kyos"", ""silla-universitaria-layer"", ""silla-universitaria-shell"", ""silla-universitaria-uni"", ""silla-universitaria-iso-revolution-malla"", ""silla-universitaria-kyos-malla"", ""silla-universitaria-kyos-respaldo-plastico-asiento-tapizado"", ""silla-universitaria-novaiso"", ""silla-universitaria-iso-smart-italiana-mixta"", ""silla-universitaria-isosceles-tapizada""]"
silla-universitaria-shell,"[""silla-universitaria-dream-respaldo-malla"", ""silla-universitaria-iso-revolution"", ""silla-universitaria-spring-plastica-paleta-nacional"", ""silla-universitaria-kyos"", ""silla-universitaria-layer"", ""silla-universitaria-prisma"", ""silla-universitaria-uni"", ""silla-universitaria-iso-revolution-malla"", ""silla-universitaria-kyos-malla"", ""silla-universitaria-kyos-respaldo-plastico-asiento-tapizado"", ""silla-universitaria-novaiso"", ""silla-universitaria-iso-smart-italiana-mixta"", ""silla-universitaria-isosceles-tapizada""]"
bergere-clinico,"[""bergere-elite"", ""bergere-simple"", ""sofa-prada"", ""sofa-venezia""]"
bergere-elite,"[""bergere-clinico"", ""bergere-simple"", ""sofa-prada"", ""sofa-venezia""]"
bergere-simple,"[""bergere-clinico"", ""bergere-elite"", ""sofa-prada"", ""sofa-venezia""]"
pouf-cuadrado-redondo,"[""poltrona-monet"", ""sofa-di-loria"", ""silla-dsw-estilo-eames-kids-amarilla""]"
sofa-di-loria,"[""sofa-duccio"", ""sofa-prada"", ""sofa-venezia""]"
sofa-duccio,"[""sofa-prada"", ""sofa-venezia""]"
sofa-prada,"[""pouf-cuadrado-redondo"", ""sofa-di-loria"", ""sofa-duccio"", ""sofa-venezia""]"
sofa-venezia,"[""pouf-cuadrado-redondo"", ""sofa-di-loria"", ""sofa-duccio"", ""sofa-prada""]"
silla-iso-smart-italiana-polipropileno,"[""silla-strike"", ""silla-layer"", ""silla-nova-iso-italiana"", ""silla-isosceles"", ""silla-prisma""]"
silla-kyos-polipropileno,"[""silla-iso-revolution-polipropileno"", ""silla-shell"", ""silla-iso-smart-italiana-polipropileno"", ""silla-layer"", ""silla-nova-iso-italiana"", ""silla-pismo"", ""silla-race"", ""silla-isosceles"", ""silla-prisma""]"
silla-layer,"[""silla-nova-iso-italiana"", ""silla-pismo"", ""silla-isosceles"", ""silla-prisma""]"
silla-nova-iso-italiana,"[""silla-iso-revolution-polipropileno"", ""silla-strike"", ""silla-iso-smart-italiana-polipropileno"", ""silla-layer"", ""silla-pismo"", ""silla-prisma""]"
silla-pismo,"[""silla-iso-revolution-polipropileno"", ""silla-shell"", ""silla-shell-trineo"", ""silla-iso-smart-italiana-polipropileno"", ""silla-layer"", ""silla-nova-iso-italiana""]"
silla-race,"[""silla-iso-revolution-polipropileno"", ""silla-shell"", ""silla-shell-trineo"", ""silla-strike"", ""silla-iso-smart-italiana-polipropileno"", ""silla-layer"", ""silla-nova-iso-italiana"", ""silla-pismo""]"
silla-ricciolina,"[""silla-shell"", ""silla-shell-trineo"", ""silla-strike"", ""silla-race"", ""silla-stratos"", ""silla-vesper-sin-brazos"", ""silla-dream-malla"", ""silla-dream-tapizada"", ""silla-dream-tapizada-trineo""]"
silla-stratos,"[""silla-iso-revolution-polipropileno"", ""silla-shell"", ""silla-shell-trineo"", ""silla-strike"", ""silla-ricciolina"", ""silla-vesper-sin-brazos""]"
silla-vesper-sin-brazos,"[""silla-strike"", ""silla-kyos-polipropileno"", ""silla-race"", ""silla-stratos""]"
silla-leep-loop,"[""silla-black"", ""silla-boss"", ""silla-flash-tapizada-syncro"", ""silla-identity-isa"", ""silla-join-blanca"", ""silla-join-negra"", ""silla-q3"", ""silla-y10-alta"", ""silla-y10-media"", ""silla-cozy-syncro"", ""silla-drop-syncro"", ""silla-matrix-syncro"", ""silla-big-boss"", ""silla-q3-gris"", ""silla-big-boss-blanca""]"
silla-black,"[""silla-boss"", ""silla-identity-isa"", ""silla-q3"", ""silla-big-boss"", ""silla-cuba"", ""silla-q3-gris"", ""silla-big-boss-blanca""]"
silla-boss,"[""silla-black"", ""silla-identity-isa"", ""silla-big-boss"", ""silla-big-boss-blanca""]"
silla-flash-tapizada-syncro,"[""silla-leep-loop"", ""silla-identity-isa"", ""silla-join-blanca"", ""silla-join-negra"", ""silla-q3"", ""silla-drop-syncro"", ""silla-matrix-syncro"", ""silla-q3-gris""]"
silla-identity-isa,"[""silla-boss"", ""silla-flash-tapizada-syncro"", ""silla-q3"", ""silla-y10-alta"", ""silla-y10-media"", ""silla-big-boss"", ""silla-q3-gris"", ""silla-big-boss-blanca""]"
silla-join-blanca,"[""silla-join-negra"", ""silla-q3-gris"", ""silla-big-boss-blanca""]"
silla-join-negra,"[""silla-join-blanca"", ""silla-y10-alta"", ""silla-q3-gris""]"
silla-q3,"[""silla-leep-loop"", ""silla-boss"", ""silla-join-blanca"", ""silla-join-negra"", ""silla-y10-alta"", ""silla-y10-media"", ""silla-drop-syncro"", ""silla-big-boss"", ""silla-q3-gris"", ""silla-big-boss-blanca""]"
silla-y10-alta,"[""silla-join-negra"", ""silla-q3"", ""silla-y10-media"", ""silla-q3-gris""]"
silla-y10-media,"[""silla-leep-loop"", ""silla-black"", ""silla-boss"", ""silla-flash-tapizada-syncro"", ""silla-q3"", ""silla-y10-alta"", ""silla-cozy-syncro"", ""silla-drop-syncro"", ""silla-matrix-syncro"", ""silla-big-boss"", ""silla-q3-gris"", ""silla-big-boss-blanca""]"
silla-alex-alta-pivotal,"[""silla-alex-media-pivotal"", ""silla-aviator-alta-pivotal"", ""silla-genova-reclinable"", ""silla-torino-1-alta-pivotal"", ""silla-rudy-alta-pivotal"", ""silla-torino-alta-pivotal""]"
silla-alex-media-pivotal,"[""silla-rudy-media-cajero"", ""silla-torino-cajero-media"", ""silla-alex-alta-pivotal"", ""silla-rudy-media-pivotal"", ""silla-torino-media-pivotal""]"
silla-aviator-alta-pivotal,"[""silla-aviator-media-pivotal"", ""silla-cozy-alta-pivotal"", ""silla-drop-alta-pivotal"", ""silla-flash-alta-pivotal"", ""silla-lady"", ""silla-lady-blanca-reclinable"", ""silla-matrix-alta-pivotal"", ""silla-torino-alta-pivotal""]"
silla-aviator-media-pivotal,"[""silla-aviator-alta-pivotal"", ""silla-lady"", ""silla-torino-media-pivotal""]"
silla-bologna-pivotal,"[""silla-genova-reclinable"", ""silla-matrix-alta-pivotal"", ""silla-torino-1-alta-pivotal"", ""silla-rudy-alta-pivotal"", ""silla-torino-alta-pivotal""]"
silla-cozy-alta-pivotal,"[""silla-aviator-alta-pivotal"", ""silla-drop-alta-pivotal"", ""silla-flash-alta-pivotal"", ""silla-matrix-alta-pivotal"", ""silla-torino-1-alta-pivotal"", ""silla-torino-alta-pivotal"", ""silla-cozy-syncro""]"
silla-drop-alta-pivotal,"[""silla-flash-alta-pivotal"", ""silla-lady-blanca-reclinable"", ""silla-rudy-alta-pivotal"", ""silla-torino-alta-pivotal"", ""silla-drop-syncro""]"
silla-flash-alta-pivotal,"[""silla-flash-tapizada-syncro""]"
silla-genova-reclinable,"[""silla-lady"", ""silla-lady-blanca-reclinable""]"
silla-lady,"[""silla-genova-reclinable"", ""silla-lady-blanca-reclinable""]"
silla-lady-blanca-reclinable,"[""silla-q3"", ""silla-y10-alta"", ""silla-y10-media"", ""silla-lady"", ""silla-q3-gris""]"
silla-logic,"[""silla-leep-loop"", ""silla-black"", ""silla-boss"", ""silla-q3"", ""silla-y10-alta"", ""silla-big-boss"", ""silla-q3-gris"", ""silla-big-boss-blanca""]"
silla-matrix-alta-pivotal,"[""silla-drop-alta-pivotal"", ""silla-matrix-syncro""]"
silla-torino-1-alta-pivotal,"[""silla-torino-1-cajero"", ""silla-torino-cajero-media"", ""silla-torino-alta-pivotal"", ""silla-torino-media-pivotal""]"
silla-rudy-alta-pivotal,"[""silla-rudy-media-cajero"", ""silla-alex-alta-pivotal"", ""silla-bologna-pivotal"", ""silla-torino-1-alta-pivotal"", ""silla-rudy-media-pivotal"", ""silla-torino-alta-pivotal""]"
silla-rudy-media-pivotal,"[""silla-rudy-media-cajero"", ""silla-rudy-alta-pivotal"", ""silla-torino-media-pivotal""]"
silla-torino-alta-pivotal,"[""silla-torino-1-cajero"", ""silla-torino-cajero-media"", ""silla-torino-1-alta-pivotal"", ""silla-torino-media-pivotal""]"
silla-torino-media-pivotal,"[""silla-torino-1-cajero"", ""silla-torino-cajero-media"", ""silla-torino-1-alta-pivotal"", ""silla-torino-alta-pivotal""]"
silla-dream-malla,"[""silla-dream-tapizada"", ""silla-dream-tapizada-trineo"", ""silla-isonet"", ""silla-pinko-respaldo-malla"", ""silla-strong"", ""silla-urban-4-patas"", ""silla-urban-trineo"", ""silla-leandra-fija-trineo"", ""silla-mirror""]"
silla-dream-tapizada,"[""silla-universitaria-dream-respaldo-malla"", ""silla-dream-malla"", ""silla-dream-tapizada-trineo"", ""silla-isonet"", ""silla-strong"", ""silla-urban-4-patas"", ""silla-urban-trineo"", ""silla-leandra-fija-trineo"", ""silla-mirror""]"
silla-dream-tapizada-trineo,"[""silla-universitaria-dream-respaldo-malla"", ""silla-dream-malla"", ""silla-dream-tapizada"", ""silla-isonet"", ""silla-pinko-respaldo-malla"", ""silla-leandra-fija-trineo"", ""silla-mirror""]"
silla-isonet,"[""silla-nova-iso-italiana"", ""silla-isosceles"", ""silla-prisma""]"
silla-flex,"[""silla-dream-malla"", ""silla-pinko-respaldo-malla"", ""silla-urban-4-patas"", ""silla-urban-trineo""]"
silla-iso-revolution-tapizada,"[""silla-universitaria-iso-revolution"", ""silla-dream-tapizada"", ""silla-iso-smart-completa-tap"", ""silla-kyos-tapizada"", ""silla-universitaria-iso-revolution-malla""]"
silla-iso-smart-completa-tap,"[""silla-iso-smart-italiana-polipropileno"", ""silla-dream-tapizada"", ""silla-dream-tapizada-trineo"", ""silla-kyos-tapizada""]"
silla-isosceles,"[""silla-isonet""]"
silla-kyos-asiento-tapizado,"[""silla-kyos-polipropileno"", ""silla-kyos-tapizada"", ""silla-pinko-respaldo-malla"", ""silla-prisma"", ""silla-strong"", ""silla-mirror""]"
silla-kyos-tapizada,"[""silla-kyos-polipropileno"", ""silla-dream-tapizada"", ""silla-iso-smart-completa-tap"", ""silla-kyos-asiento-tapizado""]"
silla-pinko-respaldo-malla,"[""silla-dream-malla"", ""silla-flex"", ""silla-strong"", ""silla-mirror""]"
silla-prisma,"[""silla-prisma-cajero"", ""silla-iso-revolution-tapizada"", ""silla-kyos-asiento-tapizado"", ""silla-strong""]"
silla-strong,"[""silla-dream-malla"", ""silla-flex"", ""silla-mirror""]"
silla-urban-4-patas,"[""silla-dream-malla"", ""silla-pinko-respaldo-malla"", ""silla-urban-trineo"", ""silla-mirror""]"
silla-urban-trineo,"[""silla-urban-4-patas""]"
silla-atton-alto,"[""silla-atton-medio"", ""silla-bishop-alta-blanca"", ""silla-bishop-alta-negra"", ""silla-bishop-alta-cafe"", ""silla-priamo-alta-negra"", ""silla-priamo-alta-cafe""]"
silla-cp,"[""silla-ergohuman-malla"", ""silla-ioo-black"", ""silla-sabrina-standar""]"
silla-ergohuman-cuero,"[""silla-cp"", ""silla-ergohuman-malla""]"
silla-ergohuman-malla,"[""silla-cp"", ""silla-ioo-black"", ""silla-sabrina-standar""]"
silla-ioo-black,"[""silla-ergohuman-malla""]"
silla-sabrina-standar,"[""silla-cp"", ""silla-ergohuman-malla"", ""silla-ioo-black""]"
silla-cozy-syncro,"[""silla-leep-loop"", ""silla-flash-tapizada-syncro"", ""silla-q3"", ""silla-cozy-alta-pivotal"", ""silla-flash-alta-pivotal"", ""silla-matrix-syncro"", ""silla-q3-gris""]"
silla-drop-syncro,"[""silla-leep-loop"", ""silla-boss"", ""silla-flash-tapizada-syncro"", ""silla-q3"", ""silla-cozy-syncro"", ""silla-matrix-syncro"", ""silla-q3-gris"", ""silla-big-boss-blanca""]"
silla-matrix-syncro,"[""silla-leep-loop"", ""silla-boss"", ""silla-flash-tapizada-syncro"", ""silla-join-blanca"", ""silla-join-negra"", ""silla-q3"", ""silla-y10-alta"", ""silla-y10-media"", ""silla-cozy-syncro"", ""silla-drop-syncro"", ""silla-big-boss"", ""silla-q3-gris"", ""silla-big-boss-blanca""]"
silla-selena-blanca,"[""silla-selena-tapiz-organic"", ""silla-sophie-beige-hogar-diseno""]"
silla-atton-medio,"[""silla-bishop-baja-blanca"", ""silla-bishop-baja-negra"", ""silla-bishop-baja-cafe"", ""silla-bishop-baja-gris""]"
silla-line-alta,"[""silla-atton-alto"", ""silla-bishop-alta-blanca"", ""silla-bishop-alta-negra"", ""silla-bishop-alta-cafe"", ""silla-priamo-alta-negra""]"
silla-bishop-baja-blanca,"[""silla-bishop-baja-negra"", ""silla-bishop-alta-blanca"", ""silla-bishop-fija-trineo-blanca"", ""silla-carson-baja-negra"", ""silla-carson-baja-gris"", ""silla-carson-baja-golden"", ""silla-bishop-baja-cafe"", ""silla-bishop-baja-gris"", ""silla-priamo-baja-negra""]"
silla-bishop-baja-negra,"[""silla-bishop-baja-blanca"", ""silla-bishop-alta-negra"", ""silla-bishop-fija-trineo-negra"", ""silla-carson-baja-negra"", ""silla-carson-baja-gris"", ""silla-carson-baja-golden"", ""silla-bishop-baja-cafe"", ""silla-bishop-baja-gris"", ""silla-priamo-baja-negra""]"
silla-bishop-alta-blanca,"[""silla-line-alta"", ""silla-bishop-baja-blanca"", ""silla-bishop-alta-negra"", ""silla-bishop-fija-trineo-blanca"", ""silla-carson-alta-negra"", ""silla-carson-alta-gris"", ""silla-bishop-alta-cafe"", ""silla-priamo-alta-negra""]"
silla-bishop-alta-negra,"[""silla-bishop-alta-blanca"", ""silla-bishop-fija-trineo-negra"", ""silla-carson-alta-negra"", ""silla-carson-alta-gris"", ""silla-bishop-alta-cafe"", ""silla-priamo-alta-negra"", ""silla-priamo-alta-cafe""]"
silla-bishop-fija-trineo-blanca,"[""silla-bishop-baja-blanca"", ""silla-bishop-alta-blanca"", ""silla-bishop-fija-trineo-negra"", ""silla-carson-fija-trineo-negra"", ""silla-carson-fija-trineo-gris""]"
silla-bishop-fija-trineo-negra,"[""silla-bishop-baja-negra"", ""silla-bishop-alta-negra"", ""silla-bishop-fija-trineo-blanca"", ""silla-carson-fija-trineo-negra"", ""silla-carson-fija-trineo-gris""]"
silla-carson-fija-trineo-negra,"[""silla-bishop-fija-trineo-blanca"", ""silla-bishop-fija-trineo-negra"", ""silla-carson-fija-trineo-gris""]"
silla-carson-fija-trineo-gris,"[""silla-bishop-fija-trineo-blanca"", ""silla-bishop-fija-trineo-negra"", ""silla-carson-fija-trineo-negra""]"
taburete-carson-negra,"[""taburete-carson-verde"", ""taburete-carson-golden""]"
taburete-carson-verde,"[""taburete-carson-negra"", ""taburete-carson-golden""]"
taburete-carson-golden,"[""taburete-carson-negra"", ""taburete-carson-verde""]"
silla-carson-alta-negra,"[""silla-bishop-baja-blanca"", ""silla-bishop-baja-negra"", ""silla-carson-fija-trineo-negra"", ""silla-carson-alta-gris"", ""silla-carson-baja-negra"", ""silla-bishop-alta-cafe""]"
silla-carson-alta-gris,"[""silla-bishop-alta-blanca"", ""silla-bishop-alta-negra"", ""silla-carson-fija-trineo-gris"", ""silla-carson-alta-negra"", ""silla-carson-baja-gris"", ""silla-bishop-alta-cafe""]"
silla-carson-baja-negra,"[""silla-bishop-baja-blanca"", ""silla-bishop-baja-negra"", ""silla-carson-fija-trineo-negra"", ""silla-carson-alta-negra"", ""silla-carson-baja-gris"", ""silla-carson-baja-golden"", ""silla-bishop-baja-cafe"", ""silla-bishop-baja-gris""]"
silla-carson-baja-gris,"[""silla-bishop-baja-blanca"", ""silla-bishop-baja-negra"", ""silla-carson-fija-trineo-gris"", ""silla-carson-alta-gris"", ""silla-carson-baja-negra"", ""silla-carson-baja-golden"", ""silla-bishop-baja-cafe"", ""silla-bishop-baja-gris""]"
silla-carson-baja-golden,"[""silla-bishop-baja-blanca"", ""silla-bishop-baja-negra"", ""silla-carson-baja-negra"", ""silla-carson-baja-gris"", ""silla-bishop-baja-cafe"", ""silla-bishop-baja-gris""]"
silla-bishop-baja-cafe,"[""silla-bishop-baja-blanca"", ""silla-bishop-baja-negra"", ""silla-carson-baja-negra"", ""silla-carson-baja-gris"", ""silla-carson-baja-golden"", ""silla-bishop-baja-gris"", ""silla-bishop-alta-cafe"", ""silla-priamo-baja-negra""]"
silla-bishop-baja-gris,"[""silla-bishop-baja-blanca"", ""silla-bishop-baja-negra"", ""silla-carson-baja-negra"", ""silla-carson-baja-gris"", ""silla-carson-baja-golden"", ""silla-bishop-baja-cafe"", ""silla-priamo-baja-negra""]"
silla-bishop-alta-cafe,"[""silla-line-alta"", ""silla-bishop-alta-blanca"", ""silla-bishop-alta-negra"", ""silla-carson-alta-negra"", ""silla-carson-alta-gris"", ""silla-bishop-baja-cafe"", ""silla-priamo-alta-negra"", ""silla-priamo-alta-cafe""]"
taburete-dsw-eames-blanco,"[""taburete-nest-blanco"", ""taburete-race-colores""]"
silla-priamo-alta-negra,"[""silla-atton-alto"", ""silla-bishop-alta-blanca"", ""silla-bishop-alta-negra"", ""silla-priamo-baja-negra"", ""silla-priamo-alta-cafe"", ""silla-priamo-fija-trineo-negra""]"
silla-priamo-baja-negra,"[""silla-bishop-baja-blanca"", ""silla-bishop-baja-negra"", ""silla-bishop-alta-blanca"", ""silla-bishop-alta-negra"", ""silla-bishop-fija-trineo-blanca"", ""silla-bishop-fija-trineo-negra"", ""silla-carson-fija-trineo-negra"", ""silla-carson-fija-trineo-gris"", ""silla-carson-alta-negra"", ""silla-carson-alta-gris"", ""silla-carson-baja-negra"", ""silla-carson-baja-gris"", ""silla-carson-baja-golden"", ""silla-bishop-baja-cafe"", ""silla-bishop-baja-gris"", ""silla-bishop-alta-cafe"", ""silla-priamo-alta-negra"", ""silla-priamo-alta-cafe"", ""silla-priamo-fija-trineo-negra""]"
silla-priamo-alta-cafe,"[""silla-atton-alto"", ""silla-line-alta"", ""silla-bishop-alta-blanca"", ""silla-bishop-alta-negra"", ""silla-bishop-alta-cafe"", ""silla-priamo-alta-negra""]"
silla-priamo-fija-trineo-negra,"[""silla-bishop-fija-trineo-blanca"", ""silla-bishop-fija-trineo-negra"", ""silla-carson-fija-trineo-negra"", ""silla-carson-fija-trineo-gris"", ""silla-priamo-alta-negra"", ""silla-priamo-baja-negra""]"
silla-big-boss,"[""silla-boss"", ""silla-identity-isa"", ""silla-q3-gris"", ""silla-big-boss-blanca""]"
silla-universitaria-uni,"[""silla-universitaria-dream-respaldo-malla"", ""silla-universitaria-iso-revolution"", ""silla-universitaria-spring-plastica-paleta-nacional"", ""silla-universitaria-kyos"", ""silla-universitaria-layer"", ""silla-universitaria-prisma"", ""silla-universitaria-shell"", ""silla-universitaria-iso-revolution-malla"", ""silla-universitaria-kyos-malla"", ""silla-universitaria-kyos-respaldo-plastico-asiento-tapizado"", ""silla-universitaria-novaiso"", ""silla-universitaria-iso-smart-italiana-mixta"", ""silla-universitaria-isosceles-tapizada""]"
silla-cuba,"[""silla-leep-loop"", ""silla-boss"", ""silla-lady"", ""silla-lady-blanca-reclinable"", ""silla-q3-gris""]"
silla-aria,"[""silla-cuba""]"
taburete-race-colores,"[""taburete-shell""]"
silla-mirror,"[""silla-dream-malla"", ""silla-pinko-respaldo-malla"", ""silla-strong""]"
silla-alia-tapizada-alta,"[""silla-cp"", ""silla-ergohuman-malla"", ""silla-alia-alta""]"
silla-alia-alta,"[""silla-cp"", ""silla-ergohuman-malla"", ""silla-alia-tapizada-alta""]"
silla-q3-gris,"[""silla-leep-loop"", ""silla-boss"", ""silla-flash-tapizada-syncro"", ""silla-join-blanca"", ""silla-join-negra"", ""silla-q3"", ""silla-y10-alta"", ""silla-y10-media"", ""silla-cozy-syncro"", ""silla-drop-syncro"", ""silla-matrix-syncro"", ""silla-big-boss"", ""silla-big-boss-blanca""]"
silla-big-boss-blanca,"[""silla-join-blanca"", ""silla-lady-blanca-reclinable"", ""silla-big-boss"", ""silla-q3-gris""]"
taburete-bakhita,"[""taburete-race-colores"", ""taburete-abuela""]"
banqueta-kyos-respaldo-malla,"[""banqueta-dream-respaldo-malla"", ""banqueta-dream-tapizada-completa"", ""banqueta-iso-revolution-respaldo-polipropileno-asiento-tapizado"", ""banqueta-iso-revolution-tapizada"", ""banqueta-isonet"", ""banqueta-kyos-tapizada-completa"", ""banqueta-kyos-asiento-tapizada"", ""banqueta-kyos-polipropileno""]"
silla-universitaria-iso-revolution-malla,"[""silla-universitaria-dream-respaldo-malla"", ""silla-universitaria-iso-revolution"", ""silla-universitaria-spring-plastica-paleta-nacional"", ""silla-universitaria-kyos"", ""silla-universitaria-layer"", ""silla-universitaria-prisma"", ""silla-universitaria-shell"", ""silla-universitaria-uni"", ""silla-universitaria-kyos-malla"", ""silla-universitaria-kyos-respaldo-plastico-asiento-tapizado"", ""silla-universitaria-novaiso"", ""silla-universitaria-iso-smart-italiana-mixta"", ""silla-universitaria-isosceles-tapizada""]"
silla-universitaria-kyos-malla,"[""silla-universitaria-dream-respaldo-malla"", ""silla-universitaria-iso-revolution"", ""silla-universitaria-spring-plastica-paleta-nacional"", ""silla-universitaria-kyos"", ""silla-universitaria-layer"", ""silla-universitaria-prisma"", ""silla-universitaria-shell"", ""silla-universitaria-uni"", ""silla-universitaria-iso-revolution-malla"", ""silla-universitaria-kyos-respaldo-plastico-asiento-tapizado"", ""silla-universitaria-novaiso"", ""silla-universitaria-iso-smart-italiana-mixta"", ""silla-universitaria-isosceles-tapizada""]"
silla-universitaria-kyos-respaldo-plastico-asiento-tapizado,"[""silla-universitaria-dream-respaldo-malla"", ""silla-universitaria-iso-revolution"", ""silla-universitaria-spring-plastica-paleta-nacional"", ""silla-universitaria-kyos"", ""silla-universitaria-layer"", ""silla-universitaria-prisma"", ""silla-universitaria-shell"", ""silla-universitaria-uni"", ""silla-universitaria-iso-revolution-malla"", ""silla-universitaria-kyos-malla"", ""silla-universitaria-novaiso"", ""silla-universitaria-iso-smart-italiana-mixta"", ""silla-universitaria-isosceles-tapizada""]"
silla-sophie-beige-hogar-diseno,"[""silla-selena-tapiz-organic"", ""silla-selena-blanca""]"
banqueta-cosmos-pata-luna-cromada,"[""banqueta-dream-polipropileno"", ""banqueta-iso-smart-plastica-italiana"", ""banqueta-kyos-polipropileno"", ""banqueta-shell-pla-stica"", ""banqueta-alice-polipropileno-plastico-pata-luna-cromada""]"
banqueta-cosmos-pata-recta,"[""banqueta-iso-revolution-polipropileno"", ""banqueta-iso-revolution-respaldo-polipropileno-asiento-tapizado"", ""banqueta-iso-smart-plastica-italiana"", ""banqueta-shell-pla-stica"", ""banqueta-spring-tapizada-pata-recta-negra""]"
banqueta-spring-tapizada-pata-recta-negra,"[""banqueta-dream-respaldo-malla"", ""banqueta-dream-tapizada-completa"", ""banqueta-iso-revolution-respaldo-polipropileno-asiento-tapizado"", ""banqueta-iso-revolution-tapizada"", ""banqueta-iso-smart-plastica-italiana"", ""banqueta-isonet"", ""banqueta-kyos-tapizada-completa"", ""banqueta-kyos-polipropileno"", ""banqueta-shell-tapizada"", ""butaca-florencia"", ""banqueta-kyos-respaldo-malla""]"
banqueta-iso-plastica,"[""banqueta-iso-revolution-polipropileno"", ""banqueta-iso-smart-plastica-italiana"", ""banqueta-shell-pla-stica"", ""banqueta-cosmos-pata-luna-cromada"", ""banqueta-cosmos-pata-recta"", ""banqueta-alice-polipropileno-plastico-pata-luna-cromada"", ""banqueta-alice-polipropileno-plastico-pata-splitz"", ""banqueta-alice-mixta-pata-splitz""]"
silla-universitaria-novaiso,"[""silla-universitaria-dream-respaldo-malla"", ""silla-universitaria-iso-revolution"", ""silla-universitaria-spring-plastica-paleta-nacional"", ""silla-universitaria-kyos"", ""silla-universitaria-layer"", ""silla-universitaria-prisma"", ""silla-universitaria-shell"", ""silla-universitaria-uni"", ""silla-universitaria-iso-revolution-malla"", ""silla-universitaria-kyos-malla"", ""silla-universitaria-kyos-respaldo-plastico-asiento-tapizado"", ""silla-universitaria-iso-smart-italiana-mixta"", ""silla-universitaria-isosceles-tapizada""]"
silla-universitaria-iso-smart-italiana-mixta,"[""silla-universitaria-dream-respaldo-malla"", ""silla-universitaria-iso-revolution"", ""silla-universitaria-spring-plastica-paleta-nacional"", ""silla-universitaria-kyos"", ""silla-universitaria-layer"", ""silla-universitaria-prisma"", ""silla-universitaria-shell"", ""silla-universitaria-uni"", ""silla-universitaria-iso-revolution-malla"", ""silla-universitaria-kyos-malla"", ""silla-universitaria-kyos-respaldo-plastico-asiento-tapizado"", ""silla-universitaria-novaiso"", ""silla-universitaria-isosceles-tapizada""]"
silla-universitaria-isosceles-tapizada,"[""silla-universitaria-dream-respaldo-malla"", ""silla-universitaria-iso-revolution"", ""silla-universitaria-spring-plastica-paleta-nacional"", ""silla-universitaria-kyos"", ""silla-universitaria-layer"", ""silla-universitaria-prisma"", ""silla-universitaria-shell"", ""silla-universitaria-uni"", ""silla-universitaria-iso-revolution-malla"", ""silla-universitaria-kyos-malla"", ""silla-universitaria-kyos-respaldo-plastico-asiento-tapizado"", ""silla-universitaria-novaiso"", ""silla-universitaria-iso-smart-italiana-mixta""]"
banqueta-alice-polipropileno-plastico-pata-luna-cromada,"[""banqueta-iso-revolution-polipropileno"", ""banqueta-iso-revolution-respaldo-polipropileno-asiento-tapizado"", ""banqueta-iso-smart-plastica-italiana"", ""banqueta-kyos-polipropileno"", ""banqueta-layer"", ""banqueta-iso-plastica"", ""banqueta-alice-polipropileno-plastico-pata-splitz"", ""banqueta-alice-mixta-pata-splitz"", ""banqueta-alice-tapizada""]"
banqueta-alice-polipropileno-plastico-pata-splitz,"[""banqueta-iso-revolution-polipropileno"", ""banqueta-iso-revolution-respaldo-polipropileno-asiento-tapizado"", ""banqueta-iso-smart-plastica-italiana"", ""banqueta-spring-tapizada-pata-recta-negra"", ""banqueta-alice-polipropileno-plastico-pata-luna-cromada"", ""banqueta-alice-mixta-pata-splitz"", ""banqueta-alice-tapizada""]"
banqueta-alice-mixta-pata-splitz,"[""banqueta-iso-revolution-polipropileno"", ""banqueta-iso-revolution-respaldo-polipropileno-asiento-tapizado"", ""banqueta-iso-revolution-tapizada"", ""banqueta-alice-polipropileno-plastico-pata-luna-cromada"", ""banqueta-alice-polipropileno-plastico-pata-splitz"", ""banqueta-alice-tapizada""]"
banqueta-alice-tapizada,"[""banqueta-iso-revolution-polipropileno"", ""banqueta-iso-revolution-respaldo-polipropileno-asiento-tapizado"", ""banqueta-iso-revolution-tapizada"", ""banqueta-alice-polipropileno-plastico-pata-luna-cromada"", ""banqueta-alice-polipropileno-plastico-pata-splitz"", ""banqueta-alice-mixta-pata-splitz""]"
silla-tossy,"[""silla-leep-loop"", ""silla-lady"", ""silla-lady-blanca-reclinable"", ""silla-cuba""]"
silla-shell-tapizada-completa,"[""silla-shell-trineo"", ""silla-strike"", ""silla-universitaria-shell""]"
silla-shell-asiento-tapizado,"[""silla-shell"", ""silla-shell-trineo"", ""silla-strike"", ""silla-universitaria-shell"", ""silla-shell-tapizada-completa""]"
silla-delta-malla-trineo,"[""silla-dream-tapizada-trineo""]"
silla-delta-polipropilenp-plastico,"[""silla-kyos-polipropileno"", ""silla-dream-malla"", ""silla-dream-tapizada"", ""silla-kyos-asiento-tapizado"", ""silla-kyos-tapizada"", ""silla-pinko-respaldo-malla"", ""silla-urban-4-patas""]"
silla-delta-asiento-tapizado-respaldo-polipropileno,"[""silla-kyos-polipropileno"", ""silla-dream-tapizada"", ""silla-kyos-asiento-tapizado"", ""silla-kyos-tapizada"", ""silla-delta-malla-trineo"", ""silla-delta-polipropilenp-plastico""]"
silla-yes-negra,"[""silla-flex"", ""silla-strong"", ""silla-urban-4-patas"", ""silla-mirror""]"
silla-cob-okamura,"[""silla-panal""]"
poltrona-fire,"[""poltrona-monet""]"
poltrona-frida-gris-perla,"[""poltrona-monet"", ""poltrona-fire""]"
silla-logan-tapizada,"[""silla-dream-malla"", ""silla-flex"", ""silla-strong"", ""silla-urban-4-patas"", ""silla-mirror"", ""silla-logan-asiento-tapizado-respaldo-malla"", ""silla-logan-respaldo-polipropileno-asiento-tapizado"", ""silla-logan-polipropileno""]"
silla-logan-asiento-tapizado-respaldo-malla,"[""silla-dream-malla"", ""silla-flex"", ""silla-strong"", ""silla-urban-4-patas"", ""silla-mirror"", ""silla-logan-tapizada"", ""silla-logan-respaldo-polipropileno-asiento-tapizado"", ""silla-logan-polipropileno""]"
silla-logan-respaldo-polipropileno-asiento-tapizado,"[""silla-dream-malla"", ""silla-flex"", ""silla-strong"", ""silla-urban-4-patas"", ""silla-mirror"", ""silla-logan-tapizada"", ""silla-logan-asiento-tapizado-respaldo-malla"", ""silla-logan-polipropileno""]"
silla-logan-polipropileno,"[""silla-dream-malla"", ""silla-flex"", ""silla-strong"", ""silla-urban-4-patas"", ""silla-mirror"", ""silla-logan-tapizada"", ""silla-logan-asiento-tapizado-respaldo-malla"", ""silla-logan-respaldo-polipropileno-asiento-tapizado""]"
escritorio-mapi-smart-electrico-ajustable-altura,"[""silla-q3""]"
poltrona-cardin-alto,"[""poltrona-monet"", ""poltrona-fire""]"
poltrona-cardin-medio,"[""poltrona-monet"", ""poltrona-fire"", ""poltrona-cardin-alto"", ""poltrona-carmena""]"
poltrona-carmena,"[""poltrona-monet"", ""poltrona-fire"", ""poltrona-cardin-alto"", ""poltrona-cardin-medio""]"
silla-crono,"[""silla-flexa-base-negra""]"
silla-aurelia-alta,"[""silla-aurelia-media""]"
sofa-sofia,"[""sofa-duccio"", ""sofa-prada"", ""sofa-venezia""]"
silla-logan-polipropileno-trineo,"[""silla-dream-tapizada-trineo"", ""silla-urban-trineo"", ""silla-delta-malla-trineo""]"
silla-logan-tapizada-trineo,"[""silla-dream-tapizada-trineo"", ""silla-urban-trineo"", ""silla-logan-polipropileno-trineo""]"
cajonera-metalica-mob-3-cajones-movil,"[""cajonera-metalica-nex-2-cajones-1-kardex-movil""]"
cajonera-metalica-mob-1-cajon-1-kardex-movil,"[""cajonera-metalica-nex-2-cajones-1-kardex-movil"", ""cajonera-metalica-mob-3-cajones-movil""]"
cajonera-metalica-mob-2-cajones-1-kardex-fija,"[""cajonera-metalica-nex-2-cajones-1-kardex-movil"", ""cajonera-metalica-mob-3-cajones-movil"", ""cajonera-metalica-mob-1-cajon-1-kardex-movil""]"
estacion-trabajo-grupal-para-2-personas-corchete-abierto,"[""estacion-trabajo-grupal-para-4-personas-corchete-abierto"", ""estacion-trabajo-grupal-para-6-personas-corchete-abierto"", ""cajonera-metalica-nex-2-cajones-1-kardex-movil"", ""cajonera-metalica-mob-3-cajones-movil"", ""cajonera-metalica-mob-1-cajon-1-kardex-movil"", ""cajonera-metalica-mob-2-cajones-1-kardex-fija""]"
estacion-trabajo-grupal-para-4-personas-corchete-abierto,"[""estacion-trabajo-grupal-para-2-personas-corchete-abierto"", ""estacion-trabajo-grupal-para-6-personas-corchete-abierto"", ""cajonera-metalica-nex-2-cajones-1-kardex-movil"", ""cajonera-metalica-mob-3-cajones-movil"", ""cajonera-metalica-mob-1-cajon-1-kardex-movil"", ""cajonera-metalica-mob-2-cajones-1-kardex-fija""]"
estacion-trabajo-grupal-para-6-personas-corchete-abierto,"[""estacion-trabajo-grupal-para-2-personas-corchete-abierto"", ""estacion-trabajo-grupal-para-4-personas-corchete-abierto"", ""cajonera-metalica-nex-2-cajones-1-kardex-movil"", ""cajonera-metalica-mob-3-cajones-movil"", ""cajonera-metalica-mob-1-cajon-1-kardex-movil"", ""cajonera-metalica-mob-2-cajones-1-kardex-fija""]"
estacion-trabajo-grupal-para-2-personas-corchete-cerrado,"[""estacion-trabajo-grupal-para-4-personas-corchete-abierto"", ""estacion-trabajo-grupal-para-6-personas-corchete-abierto"", ""cajonera-metalica-nex-2-cajones-1-kardex-movil"", ""cajonera-metalica-mob-3-cajones-movil"", ""cajonera-metalica-mob-1-cajon-1-kardex-movil"", ""cajonera-metalica-mob-2-cajones-1-kardex-fija""]"
estacion-trabajo-grupal-para-4-personas-corchete-cerrado,"[""estacion-trabajo-grupal-para-2-personas-corchete-abierto"", ""estacion-trabajo-grupal-para-6-personas-corchete-abierto"", ""cajonera-metalica-nex-2-cajones-1-kardex-movil"", ""cajonera-metalica-mob-3-cajones-movil"", ""cajonera-metalica-mob-1-cajon-1-kardex-movil"", ""cajonera-metalica-mob-2-cajones-1-kardex-fija""]"
estacion-trabajo-grupal-para-6-personas-corchete-cerrado,"[""estacion-trabajo-grupal-para-2-personas-corchete-abierto"", ""estacion-trabajo-grupal-para-4-personas-corchete-abierto"", ""cajonera-metalica-nex-2-cajones-1-kardex-movil"", ""cajonera-metalica-mob-3-cajones-movil"", ""cajonera-metalica-mob-1-cajon-1-kardex-movil"", ""cajonera-metalica-mob-2-cajones-1-kardex-fija""]"
taburete-cosmos,"[""taburete-shell""]"
banqueta-iso-pata-splitz-cromada,"[""banqueta-iso-revolution-polipropileno"", ""banqueta-iso-revolution-respaldo-polipropileno-asiento-tapizado"", ""banqueta-iso-smart-plastica-italiana"", ""banqueta-spring-tapizada-pata-recta-negra"", ""banqueta-alice-polipropileno-plastico-pata-luna-cromada"", ""banqueta-alice-mixta-pata-splitz"", ""banqueta-alice-tapizada""]"
silla-r6,"[""silla-lady"", ""silla-lady-blanca-reclinable""]"
silla-r6-blanca,"[""silla-lady"", ""silla-lady-blanca-reclinable"", ""silla-r6""]"
pouf-momo,"[""pouf-cuadrado-redondo""]"
banqueta-logan-respaldo-polipropileno-asiento-tapizado,"[""banqueta-dream-polipropileno"", ""banqueta-iso-revolution-polipropileno"", ""banqueta-kyos-polipropileno"", ""banqueta-cosmos-pata-luna-cromada"", ""banqueta-cosmos-pata-recta"", ""banqueta-alice-polipropileno-plastico-pata-luna-cromada"", ""banqueta-alice-polipropileno-plastico-pata-splitz""]"
silla-karl,"[""silla-black"", ""silla-boss"", ""silla-identity-isa"", ""silla-big-boss""]"
silla-logan-cajero,"[""silla-bologna-cajero"", ""silla-iso-cajero"", ""silla-prisma-cajero"", ""silla-rudy-media-cajero"", ""silla-torino-1-cajero"", ""silla-torino-cajero-media"", ""silla-tulip-cajero""]"
silla-tullio-negra,"[""silla-join-blanca"", ""silla-join-negra"", ""silla-q3"", ""silla-y10-alta"", ""silla-q3-gris""]"
silla-logan-giratoria-malla,"[""silla-leep-loop"", ""silla-black"", ""silla-boss"", ""silla-flash-tapizada-syncro"", ""silla-q3"", ""silla-y10-alta"", ""silla-cozy-syncro"", ""silla-drop-syncro"", ""silla-matrix-syncro"", ""silla-big-boss"", ""silla-q3-gris"", ""silla-big-boss-blanca""]"
taburete-abuela,"[""taburete-race-colores"", ""taburete-bakhita""]"
taburete-living,"[""taburete-race-colores"", ""taburete-bakhita""]"
silla-clep,"[""silla-cuba"", ""silla-aria""]"
silla-cubo-cajero,"[""silla-bologna-cajero"", ""silla-iso-cajero"", ""silla-prisma-cajero"", ""silla-rudy-media-cajero"", ""silla-torino-1-cajero"", ""silla-torino-cajero-media"", ""silla-tulip-cajero""]"
silla-gala,"[""silla-boss"", ""silla-identity-isa"", ""silla-q3-gris"", ""silla-big-boss-blanca""]"
silla-job-cajero,"[""silla-bologna-cajero"", ""silla-iso-cajero"", ""silla-prisma-cajero"", ""silla-rudy-media-cajero"", ""silla-torino-1-cajero"", ""silla-torino-cajero-media"", ""silla-tulip-cajero""]"
silla-thor,"[""silla-boss"", ""silla-identity-isa"", ""silla-q3-gris"", ""silla-big-boss-blanca""]"
silla-work-up,"[""silla-boss"", ""silla-identity-isa"", ""silla-q3-gris"", ""silla-big-boss-blanca""]"
sofa-giotto,"[""sofa-duccio"", ""sofa-prada"", ""sofa-venezia""]"
silla-contessa-seconda,"[""silla-cp"", ""silla-ergohuman-malla"", ""silla-sabrina-standar""]"
silla-focus,"[""silla-black"", ""silla-boss"", ""silla-identity-isa"", ""silla-big-boss""]"
silla-job-negra,"[""silla-boss"", ""silla-identity-isa"", ""silla-q3-gris"", ""silla-big-boss-blanca""]"
escritorio,"[""escritorio-mapi-smart-electrico-ajustable-altura"", ""silla-q3""]"
silla-bora-tortora-nardi,"[""silla-pismo"", ""silla-bora-roja-nardi"", ""silla-bora-grafito-nardi""]"
silla-bora-roja-nardi,"[""silla-pismo"", ""silla-bora-tortora-nardi"", ""silla-bora-grafito-nardi""]"
silla-bora-grafito-nardi,"[""silla-pismo"", ""silla-bora-tortora-nardi"", ""silla-bora-roja-nardi""]"
silla-bit-tortora-nardi,"[""silla-pismo"", ""silla-bit-grafito-nardi""]"
silla-bit-grafito-nardi,"[""silla-pismo"", ""silla-bit-tortora-nardi""]"
silla-net-grafito,"[""silla-pismo""]"
silla-net-tortora,"[""silla-pismo""]"
silla-net-salice,"[""silla-pismo""]"
silla-gent,"[""silla-boss"", ""silla-identity-isa"", ""silla-q3-gris"", ""silla-big-boss-blanca""]"
silla-andes,"[""silla-boss"", ""silla-identity-isa"", ""silla-q3-gris"", ""silla-big-boss-blanca""]"
silla-plimode,"[""silla-cp"", ""silla-sabrina-standar""]"
silla-lives-colores,"[""silla-cp"", ""silla-sabrina-standar""]"
silla-blaze,"[""silla-leep-loop"", ""silla-flash-tapizada-syncro"", ""silla-q3"", ""silla-cozy-alta-pivotal"", ""silla-flash-alta-pivotal"", ""silla-matrix-syncro"", ""silla-q3-gris""]"
escritorio-standing-desk,"[""escritorio-mapi-smart-electrico-ajustable-altura"", ""silla-q3""]"
reposera-omega-grafito,"[""reposera-atlantico-grafito"", ""reposera-atlantico-tortora""]"
reposera-atlantico-tortora,"[""reposera-atlantico-grafito""]"
reposera-omega-tortora,"[""reposera-atlantico-grafito"", ""reposera-omega-grafito"", ""reposera-atlantico-tortora""]"
poltrona-monet-trineo-petroleo,"[""poltrona-monet-trineo-rojo""]"
silla-q3-malla-negra,"[""silla-join-blanca"", ""silla-join-negra"", ""silla-q3-gris""]"
silla-y10-media-cajero-ecocuero,"[""silla-bologna-cajero"", ""silla-iso-cajero"", ""silla-prisma-cajero"", ""silla-rudy-media-cajero"", ""silla-torino-1-cajero"", ""silla-torino-cajero-media"", ""silla-tulip-cajero""]"
silla-abuela-colores,"[""silla-race"", ""silla-shell-tapizada-completa""]"
silla-bakhita-colores,"[""silla-race"", ""silla-shell-tapizada-completa""]"
silla-job-gris-blanca,"[""silla-boss"", ""silla-identity-isa"", ""silla-q3-gris"", ""silla-big-boss-blanca"", ""silla-job-negra""]"
silla-brizza,"[""silla-black"", ""silla-identity-isa"", ""silla-big-boss"", ""silla-big-boss-blanca""]"
silla-ergosit,"[""silla-cp"", ""silla-ioo-black"", ""silla-sabrina-standar""]"
banqueta-nik,"[""banqueta-dream-respaldo-malla"", ""banqueta-dream-tapizada-completa"", ""banqueta-iso-revolution-polipropileno"", ""banqueta-iso-revolution-respaldo-polipropileno-asiento-tapizado"", ""banqueta-isonet"", ""banqueta-kyos-tapizada-completa"", ""banqueta-kyos-asiento-tapizada"", ""butaca-florencia"", ""banqueta-kyos-respaldo-malla"", ""banqueta-spring-tapizada-pata-recta-negra""]"
silla-nik-tapizada,"[""silla-universitaria-iso-revolution"", ""silla-dream-tapizada"", ""silla-iso-smart-completa-tap"", ""silla-kyos-tapizada"", ""silla-universitaria-iso-revolution-malla""]"
silla-morfeo,"[""silla-master""]"
silla-roma-roma,"[""silla-master""]"
silla-donnina,"[""silla-boss"", ""silla-identity-isa"", ""silla-q3-gris"", ""silla-big-boss-blanca""]"
silla-donnina-tapizada-mostaza,"[""silla-boss"", ""silla-identity-isa"", ""silla-q3-gris"", ""silla-big-boss-blanca""]"
silla-elba-elba-visita,"[""silla-bishop-fija-trineo-blanca"", ""silla-bishop-fija-trineo-negra"", ""silla-carson-fija-trineo-negra"", ""silla-carson-fija-trineo-gris"", ""silla-bishop-baja-cafe"", ""silla-bishop-alta-cafe"", ""silla-priamo-fija-trineo-negra""]"
silla-universitaria-elba,"[""silla-universitaria-dream-respaldo-malla"", ""silla-universitaria-iso-revolution"", ""silla-universitaria-spring-plastica-paleta-nacional"", ""silla-universitaria-kyos"", ""silla-universitaria-layer"", ""silla-universitaria-prisma"", ""silla-universitaria-shell"", ""silla-universitaria-uni"", ""silla-universitaria-iso-revolution-malla"", ""silla-universitaria-kyos-malla"", ""silla-universitaria-kyos-respaldo-plastico-asiento-tapizado"", ""silla-universitaria-novaiso"", ""silla-universitaria-iso-smart-italiana-mixta"", ""silla-universitaria-isosceles-tapizada""]"
silla-universitaria-college,"[""silla-universitaria-dream-respaldo-malla"", ""silla-universitaria-iso-revolution"", ""silla-universitaria-spring-plastica-paleta-nacional"", ""silla-universitaria-kyos"", ""silla-universitaria-layer"", ""silla-universitaria-prisma"", ""silla-universitaria-shell"", ""silla-universitaria-uni"", ""silla-universitaria-iso-revolution-malla"", ""silla-universitaria-kyos-malla"", ""silla-universitaria-kyos-respaldo-plastico-asiento-tapizado"", ""silla-universitaria-iso-smart-italiana-mixta"", ""silla-universitaria-isosceles-tapizada""]"
taburete-delta,"[""taburete-shell""]"
silla-alice-visita-polipropileno,"[""silla-shell"", ""silla-shell-trineo"", ""silla-strike"", ""silla-iso-smart-italiana-polipropileno"", ""silla-kyos-polipropileno"", ""silla-layer"", ""silla-nova-iso-italiana"", ""silla-pismo"", ""silla-race""]"
silla-alice-mixta,"[""banqueta-iso-revolution-polipropileno"", ""banqueta-iso-revolution-respaldo-polipropileno-asiento-tapizado"", ""banqueta-iso-revolution-tapizada"", ""banqueta-alice-polipropileno-plastico-pata-luna-cromada"", ""banqueta-alice-polipropileno-plastico-pata-splitz"", ""banqueta-alice-tapizada""]"
silla-alice-tapizada,"[""banqueta-iso-revolution-polipropileno"", ""banqueta-iso-revolution-respaldo-polipropileno-asiento-tapizado"", ""banqueta-iso-revolution-tapizada"", ""banqueta-alice-polipropileno-plastico-pata-luna-cromada"", ""banqueta-alice-polipropileno-plastico-pata-splitz"", ""banqueta-alice-tapizada""]"
silla-alice-universitaria-polipropileno,"[""silla-shell"", ""silla-shell-trineo"", ""silla-strike"", ""silla-iso-smart-italiana-polipropileno"", ""silla-kyos-polipropileno"", ""silla-layer"", ""silla-nova-iso-italiana"", ""silla-pismo"", ""silla-race""]"
silla-attiva-malla-tapizada,"[""silla-cp"", ""silla-ergohuman-malla"", ""silla-alia-tapizada-alta""]"
silla-cosmos,"[""taburete-shell""]"
visita-space,"[""taburete-shell""]"
silla-slim,"[""silla-cp"", ""silla-ergohuman-malla"", ""silla-alia-alta""]"
silla-slim-arana,"[""silla-cp"", ""silla-ergohuman-malla"", ""silla-alia-alta""]"
taburete-cob,"[""silla-boss"", ""silla-identity-isa"", ""silla-q3-gris"", ""silla-big-boss-blanca""]"
silla-cubo,"[""silla-boss"", ""silla-identity-isa"", ""silla-q3-gris"", ""silla-big-boss-blanca""]"
silla-vela,"[""silla-bologna-cajero"", ""silla-iso-cajero"", ""silla-prisma-cajero"", ""silla-rudy-media-cajero"", ""silla-torino-1-cajero"", ""silla-torino-cajero-media"", ""silla-tulip-cajero""]"
silla-tela,"[""silla-boss"", ""silla-identity-isa"", ""silla-q3-gris"", ""silla-big-boss-blanca""]"
taburete-nova-iso,"[""silla-iso-revolution-polipropileno"", ""silla-strike"", ""silla-iso-smart-italiana-polipropileno"", ""silla-layer"", ""silla-pismo"", ""silla-prisma""]"
sofa-donnato,"[""pouf-cuadrado-redondo"", ""sofa-di-loria"", ""sofa-duccio"", ""sofa-prada"", ""sofa-venezia""]"
poltrona-greco,"[""poltrona-monet"", ""poltrona-fire""]"
poltrona-aurora,"[""poltrona-monet"", ""poltrona-fire""]"
silla-twist,"[""silla-boss"", ""silla-identity-isa"", ""silla-q3-gris"", ""silla-big-boss-blanca""]"
silla-boomer-negra,"[""silla-boss"", ""silla-identity-isa"", ""silla-q3-gris"", ""silla-big-boss-blanca""]"
silla-rolla,"[""silla-boss"", ""silla-identity-isa"", ""silla-q3-gris"", ""silla-big-boss-blanca""]"
silla-iso-giratoria,"[""silla-iso-revolution-polipropileno"", ""silla-strike"", ""silla-iso-smart-italiana-polipropileno"", ""silla-layer"", ""silla-pismo"", ""silla-prisma""]"
silla-isosceles-giratoria,"[""silla-isonet""]"
silla-sillon-clark-negra,"[""silla-bishop-baja-blanca"", ""silla-bishop-alta-negra"", ""silla-bishop-fija-trineo-negra"", ""silla-carson-baja-negra"", ""silla-carson-baja-gris"", ""silla-carson-baja-golden"", ""silla-bishop-baja-cafe"", ""silla-bishop-baja-gris"", ""silla-priamo-baja-negra""]"
butaca-auditorio-teatro,"[""silla-cp"", ""silla-ergohuman-malla"", ""silla-alia-alta""]"
piso-clinico,"[""silla-rudy-media-cajero"", ""silla-torino-1-cajero"", ""silla-torino-cajero-media"", ""silla-torino-1-alta-pivotal""]"
silla-happy-negra,"[""silla-boss"", ""silla-identity-isa"", ""silla-q3-gris"", ""silla-big-boss-blanca""]"
silla-cuba-cromada,"[""silla-leep-loop"", ""silla-boss"", ""silla-lady"", ""silla-lady-blanca-reclinable"", ""silla-q3-gris""]"
banqueta-iso-plastica,"[""banqueta-iso-revolution-polipropileno"", ""banqueta-iso-smart-plastica-italiana"", ""banqueta-shell-pla-stica"", ""banqueta-cosmos-pata-luna-cromada"", ""banqueta-cosmos-pata-recta"", ""banqueta-alice-polipropileno-plastico-pata-luna-cromada"", ""banqueta-alice-polipropileno-plastico-pata-splitz"", ""banqueta-alice-mixta-pata-splitz""]"
silla-portone-negra,"[""silla-cp"", ""silla-ergohuman-malla"", ""silla-sabrina-standar""]"
silla-iso-visita-polipropileno,"[""silla-shell"", ""silla-shell-trineo"", ""silla-strike"", ""silla-iso-smart-italiana-polipropileno"", ""silla-kyos-polipropileno"", ""silla-layer"", ""silla-nova-iso-italiana"", ""silla-pismo"", ""silla-race""]"
silla-spring-visita-polipropileno,"[""silla-shell"", ""silla-shell-trineo"", ""silla-strike"", ""silla-iso-smart-italiana-polipropileno"", ""silla-kyos-polipropileno"", ""silla-layer"", ""silla-nova-iso-italiana"", ""silla-pismo"", ""silla-race""]"
silla-isosceles-visita,"[""silla-shell"", ""silla-shell-trineo"", ""silla-strike"", ""silla-iso-smart-italiana-polipropileno"", ""silla-kyos-polipropileno"", ""silla-layer"", ""silla-nova-iso-italiana"", ""silla-pismo"", ""silla-race""]"
silla-frila,"[""silla-boss"", ""silla-identity-isa"", ""silla-q3-gris"", ""silla-big-boss-blanca""]"
silla-ronet,"[""silla-boss"", ""silla-identity-isa"", ""silla-q3-gris"", ""silla-big-boss-blanca""]"
silla-goya,"[""silla-boss"", ""silla-identity-isa"", ""silla-q3-gris"", ""silla-big-boss-blanca""]"
silla-torhu,"[""silla-boss"", ""silla-identity-isa"", ""silla-q3-gris"", ""silla-big-boss-blanca""]"
silla-portone-gris,"[""silla-cp"", ""silla-ergohuman-malla"", ""silla-sabrina-standar""]"
silla-nina,"[""silla-boss"", ""silla-identity-isa"", ""silla-q3-gris"", ""silla-big-boss-blanca""]"
silla-terra,"[""silla-boss"", ""silla-identity-isa"", ""silla-q3-gris"", ""silla-big-boss-blanca""]"
silla-auditorio,"[""silla-shell"", ""silla-shell-trineo"", ""silla-strike"", ""silla-iso-smart-italiana-polipropileno"", ""silla-kyos-polipropileno"", ""silla-layer"", ""silla-nova-iso-italiana"", ""silla-pismo"", ""silla-race""]"
silla-romy,"[""silla-boss"", ""silla-identity-isa"", ""silla-q3-gris"", ""silla-big-boss-blanca""]"
silla-romy-cajero,"[""silla-boss"", ""silla-identity-isa"", ""silla-q3-gris"", ""silla-big-boss-blanca""]"
silla-cova,"[""silla-boss"", ""silla-identity-isa"", ""silla-q3-gris"", ""silla-big-boss-blanca""]"
silla-joya,"[""silla-boss"", ""silla-identity-isa"", ""silla-q3-gris"", ""silla-big-boss-blanca""]"
silla-florencia,"[""silla-boss"", ""silla-identity-isa"", ""silla-q3-gris"", ""silla-big-boss-blanca""]"
silla-noa,"[""silla-master""]"
silla-logan-respaldo-polipropileno-asiento-tapizado,"[""silla-dream-malla"", ""silla-flex"", ""silla-strong"", ""silla-urban-4-patas"", ""silla-mirror"", ""silla-logan-tapizada"", ""silla-logan-asiento-tapizado-respaldo-malla"", ""silla-logan-polipropileno""]"
escritorio-trabajo-individual-recto,"[""estacion-trabajo-grupal-para-2-personas-corchete-abierto"", ""estacion-trabajo-grupal-para-6-personas-corchete-abierto"", ""cajonera-metalica-nex-2-cajones-1-kardex-movil"", ""cajonera-metalica-mob-3-cajones-movil"", ""cajonera-metalica-mob-1-cajon-1-kardex-movil"", ""cajonera-metalica-mob-2-cajones-1-kardex-fija""]"
escritorio-trabajo-individual-en-l,"[""estacion-trabajo-grupal-para-2-personas-corchete-abierto"", ""estacion-trabajo-grupal-para-6-personas-corchete-abierto"", ""cajonera-metalica-nex-2-cajones-1-kardex-movil"", ""cajonera-metalica-mob-3-cajones-movil"", ""cajonera-metalica-mob-1-cajon-1-kardex-movil"", ""cajonera-metalica-mob-2-cajones-1-kardex-fija""]"
escritorio-trabajo-individual-recto-base-melamina,"[""estacion-trabajo-grupal-para-2-personas-corchete-abierto"", ""estacion-trabajo-grupal-para-6-personas-corchete-abierto"", ""cajonera-metalica-nex-2-cajones-1-kardex-movil"", ""cajonera-metalica-mob-3-cajones-movil"", ""cajonera-metalica-mob-1-cajon-1-kardex-movil"", ""cajonera-metalica-mob-2-cajones-1-kardex-fija""]"
escritorio-trabajo-individual-recto-base-melamina,"[""estacion-trabajo-grupal-para-2-personas-corchete-abierto"", ""estacion-trabajo-grupal-para-6-personas-corchete-abierto"", ""cajonera-metalica-nex-2-cajones-1-kardex-movil"", ""cajonera-metalica-mob-3-cajones-movil"", ""cajonera-metalica-mob-1-cajon-1-kardex-movil"", ""cajonera-metalica-mob-2-cajones-1-kardex-fija""]"
mesa-reunion-redonda,"[""estacion-trabajo-grupal-para-2-personas-corchete-abierto"", ""estacion-trabajo-grupal-para-6-personas-corchete-abierto"", ""cajonera-metalica-nex-2-cajones-1-kardex-movil"", ""cajonera-metalica-mob-3-cajones-movil"", ""cajonera-metalica-mob-1-cajon-1-kardex-movil"", ""cajonera-metalica-mob-2-cajones-1-kardex-fija""]"
mesa-reunion-rectangular,"[""estacion-trabajo-grupal-para-2-personas-corchete-abierto"", ""estacion-trabajo-grupal-para-6-personas-corchete-abierto"", ""cajonera-metalica-nex-2-cajones-1-kardex-movil"", ""cajonera-metalica-mob-3-cajones-movil"", ""cajonera-metalica-mob-1-cajon-1-kardex-movil"", ""cajonera-metalica-mob-2-cajones-1-kardex-fija""]"
banqueta-metalica-pata-splitz,"[""banqueta-iso-revolution-polipropileno"", ""banqueta-iso-revolution-respaldo-polipropileno-asiento-tapizado"", ""banqueta-iso-smart-plastica-italiana"", ""banqueta-spring-tapizada-pata-recta-negra"", ""banqueta-alice-polipropileno-plastico-pata-luna-cromada"", ""banqueta-alice-mixta-pata-splitz"", ""banqueta-alice-tapizada""]"
cajonera-melamina,"[""estacion-trabajo-grupal-para-2-personas-corchete-abierto"", ""estacion-trabajo-grupal-para-6-personas-corchete-abierto"", ""cajonera-metalica-nex-2-cajones-1-kardex-movil"", ""cajonera-metalica-mob-3-cajones-movil"", ""cajonera-metalica-mob-1-cajon-1-kardex-movil"", ""cajonera-metalica-mob-2-cajones-1-kardex-fija""]"
silla-mura,"[""silla-dream-malla"", ""silla-flex"", ""silla-mirror""]"
silla-toya-cajero,"[""silla-bologna-cajero"", ""silla-iso-cajero"", ""silla-prisma-cajero"", ""silla-rudy-media-cajero"", ""silla-torino-1-cajero"", ""silla-torino-cajero-media"", ""silla-tulip-cajero""]"
silla-ergodream,"[""silla-boss"", ""silla-identity-isa"", ""silla-q3-gris"", ""silla-big-boss-blanca""]"
silla-toya-gris,"[""silla-bologna-cajero"", ""silla-iso-cajero"", ""silla-prisma-cajero"", ""silla-rudy-media-cajero"", ""silla-torino-1-cajero"", ""silla-torino-cajero-media"", ""silla-tulip-cajero""]"
silla-isonet-universitaria,"[""silla-nova-iso-italiana"", ""silla-isosceles"", ""silla-prisma""]"
silla-alice-mixta-universitaria,"[""banqueta-iso-revolution-polipropileno"", ""banqueta-iso-revolution-respaldo-polipropileno-asiento-tapizado"", ""banqueta-iso-revolution-tapizada"", ""banqueta-alice-polipropileno-plastico-pata-luna-cromada"", ""banqueta-alice-polipropileno-plastico-pata-splitz"", ""banqueta-alice-tapizada""]"
silla-santino,"[""silla-boss"", ""silla-identity-isa"", ""silla-q3-gris"", ""silla-big-boss-blanca""]"
silla-logan-mixta-trineo,"[""silla-dream-tapizada-trineo"", ""silla-urban-trineo"", ""silla-logan-polipropileno-trineo""]"
silla-tulip,"[""silla-bologna-cajero"", ""silla-iso-cajero"", ""silla-prisma-cajero"", ""silla-rudy-media-cajero"", ""silla-torino-1-cajero"", ""silla-torino-cajero-media""]"
silla-nova-iso-italiana-negra,"[""silla-iso-revolution-polipropileno"", ""silla-strike"", ""silla-iso-smart-italiana-polipropileno"", ""silla-layer"", ""silla-pismo"", ""silla-prisma""]"
silla-maximo,"[""silla-boss"", ""silla-identity-isa"", ""silla-q3-gris"", ""silla-big-boss-blanca""]"
silla-oxford-gris,"[""silla-boss"", ""silla-identity-isa"", ""silla-q3-gris"", ""silla-big-boss-blanca""]"
silla-matte,"[""silla-boss"", ""silla-identity-isa"", ""silla-q3-gris"", ""silla-big-boss-blanca""]"
silla-bolo,"[""silla-boss"", ""silla-identity-isa"", ""silla-q3-gris"", ""silla-big-boss-blanca""]"
silla-blaze,"[""silla-leep-loop"", ""silla-flash-tapizada-syncro"", ""silla-q3"", ""silla-cozy-alta-pivotal"", ""silla-flash-alta-pivotal"", ""silla-matrix-syncro"", ""silla-q3-gris""]"
silla-jazz-visita,"[""silla-bishop-fija-trineo-blanca"", ""silla-bishop-fija-trineo-negra"", ""silla-carson-fija-trineo-negra"", ""silla-carson-fija-trineo-gris"", ""silla-bishop-baja-cafe"", ""silla-bishop-alta-cafe"", ""silla-priamo-fija-trineo-negra""]"
